Running program with n=8, m=1, filename=../data/Adam/SK_8n, start_point=1780, problems=2
0.606673 1.22758
0.166903

0.624967 1.29477
0.0886947

Running program with n=8, m=2, filename=../data/Adam/SK_8n, start_point=1780, problems=2
0.393993 2.12623
1.01985 0.708742
0.163444

0.395888 2.2426
0.9714 0.747535
0.37559

Running program with n=8, m=5, filename=../data/Adam/SK_8n, start_point=1780, problems=2
0.187075 4.58138
0.277976 2.12623
0.465595 1.22758
0.729378 0.708742
1.19668 0.328928
0.15438

0.184006 4.83214
0.270847 2.2426
0.433184 1.29477
0.692136 0.747535
1.15451 0.346932
0.69646

Running program with n=8, m=10, filename=../data/Adam/SK_8n, start_point=1780, problems=2
0.100486 8.53799
0.143523 4.18074
0.17856 2.68802
0.226475 1.91015
0.300795 1.4167
0.389008 1.0637
0.497371 0.788916
0.638175 0.560616
0.844008 0.360449
1.25102 0.176499
0.111092

0.0983469 9.00531
0.140907 4.40958
0.176221 2.83515
0.209148 2.0147
0.277725 1.49424
0.363027 1.12192
0.46954 0.832097
0.609337 0.591301
0.813758 0.380178
1.21422 0.18616
0.872136

Running program with n=8, m=20, filename=../data/Adam/SK_8n, start_point=1780, problems=2
0.052377 16.3809
0.0742803 8.14444
0.0913953 5.37837
0.106206 3.97971
0.119689 3.12782
0.132347 2.54909
0.147403 2.12623
0.173231 1.80052
0.201157 1.53933
0.231588 1.32301
0.265018 1.13903
0.302077 0.97896
0.343617 0.836948
0.390869 0.708742
0.44576 0.59117
0.511562 0.481789
0.594425 0.378657
0.70753 0.280186
0.885723 0.185027
1.26928 0.0919942
0.0475407

0.0511852 17.2775
0.0726515 8.59023
0.0895181 5.67275
0.104231 4.19754
0.117764 3.29902
0.130626 2.68861
0.143122 2.2426
0.158612 1.89908
0.185058 1.62359
0.214171 1.39543
0.246476 1.20137
0.282625 1.03254
0.323482 0.882758
0.370264 0.747535
0.424839 0.623528
0.490357 0.508159
0.572722 0.399383
0.684646 0.295522
0.859879 0.195155
1.23476 0.0970295
0.961001

Running program with n=8, m=50, filename=../data/Adam/SK_8n, start_point=1780, problems=2
0.0215336 39.8439
0.0304675 19.903
0.0373443 13.2477
0.0431697 9.91366
0.0483343 7.90818
0.0530394 6.56696
0.0574056 5.60529
0.0615128 4.88083
0.0654156 4.31449
0.0691546 3.85881
0.0727604 3.48361
0.0762571 3.16874
0.0796634 2.90027
0.0829945 2.66822
0.0862634 2.46531
0.0894794 2.28604
0.0945291 2.12623
0.101204 1.98261
0.108085 1.8526
0.115186 1.73415
0.122526 1.62557
0.130121 1.52551
0.137993 1.43283
0.146161 1.34659
0.154648 1.26598
0.16348 1.19034
0.172685 1.11908
0.182293 1.05172
0.192341 0.987828
0.202869 0.927023
0.213924 0.868984
0.225561 0.813422
0.237846 0.760084
0.250859 0.708742
0.264695 0.659195
0.279475 0.611261
0.295348 0.564775
0.312507 0.519589
0.331202 0.475566
0.351763 0.432581
0.374639 0.39052
0.400457 0.349276
0.430114 0.308748
0.464956 0.268844
0.507097 0.229474
0.560085 0.190555
0.630436 0.152007
0.731807 0.113752
0.899659 0.0757144
1.27519 0.0378212
0.00611562

0.0210339 42.0247
0.0297644 20.9924
0.0364915 13.9728
0.0421979 10.4563
0.047266 8.34104
0.0518953 6.9264
0.0562024 5.91209
0.0602661 5.14798
0.0641425 4.55064
0.0678704 4.07003
0.0714811 3.67429
0.0749993 3.34218
0.0784437 3.05901
0.0818301 2.81427
0.0851714 2.60025
0.0884784 2.41117
0.0917597 2.2426
0.0950222 2.09112
0.0988587 1.954
0.10555 1.82907
0.112495 1.71455
0.119712 1.60901
0.127222 1.51126
0.135048 1.42029
0.143214 1.33527
0.151746 1.25549
0.160675 1.18034
0.17003 1.10929
0.179851 1.0419
0.190176 0.977764
0.201054 0.916548
0.212539 0.857945
0.224695 0.801687
0.2376 0.747535
0.251347 0.695276
0.266051 0.644718
0.281857 0.595688
0.298949 0.548028
0.317567 0.501596
0.338029 0.456259
0.360767 0.411895
0.386385 0.368393
0.41575 0.325647
0.450164 0.283559
0.491678 0.242034
0.543736 0.200985
0.612672 0.160327
0.711773 0.119978
0.87555 0.0798586
1.24147 0.0398914
0.991804

Running program with n=8, m=200, filename=../data/Adam/SK_8n, start_point=1780, problems=2
0.00546015 157.078
0.00772466 78.5343
0.0094619 52.3509
0.0109243 39.2576
0.0122174 31.4003
0.0133844 26.1611
0.0144583 22.4178
0.0154593 19.6096
0.0163992 17.4247
0.01729 15.6762
0.0181377 14.2449
0.0189487 13.0517
0.0197275 12.0416
0.0204783 11.1753
0.0212035 10.4241
0.0219048 9.76637
0.0225872 9.18566
0.023251 8.66911
0.0238964 8.2066
0.024527 7.79001
0.0251436 7.4128
0.0257462 7.06958
0.0263368 6.75592
0.026916 6.46813
0.0274846 6.20311
0.028044 5.95822
0.0285928 5.73123
0.0291336 5.52023
0.0296671 5.32355
0.0301912 5.13976
0.0307088 4.96762
0.0312204 4.80604
0.031725 4.65405
0.0322235 4.5108
0.0327164 4.37556
0.0332036 4.24764
0.033686 4.12646
0.0341632 4.01149
0.0346361 3.90224
0.0351045 3.79828
0.0355686 3.69924
0.0360291 3.60475
0.0364853 3.51451
0.0369382 3.42821
0.0373878 3.3456
0.037834 3.26643
0.038277 3.19049
0.0387172 3.11758
0.0391547 3.0475
0.0395893 2.98009
0.0400211 2.91519
0.040451 2.85265
0.0408783 2.79235
0.0413027 2.73415
0.0417263 2.67794
0.0421474 2.62362
0.0425659 2.57108
0.0429828 2.52024
0.0433978 2.471
0.0438118 2.42328
0.044224 2.37702
0.0446336 2.33213
0.0450426 2.28856
0.0454506 2.24624
0.0459417 2.20512
0.0467727 2.16513
0.04761 2.12623
0.0484543 2.08836
0.0493043 2.0515
0.0501607 2.01558
0.0510238 1.98057
0.0518928 1.94643
0.0527694 1.91313
0.0536531 1.88064
0.0545434 1.84891
0.0554407 1.81791
0.0563458 1.78763
0.0572586 1.75803
0.0581785 1.72909
0.0591061 1.70077
0.0600416 1.67306
0.0609851 1.64594
0.0619373 1.61937
0.0628978 1.59335
0.0638661 1.56786
0.0648433 1.54286
0.0658296 1.51836
0.0668251 1.49432
0.0678294 1.47073
0.0688428 1.44759
0.069866 1.42486
0.0708986 1.40254
0.0719416 1.38062
0.0729946 1.35908
0.0740571 1.33791
0.0751307 1.3171
0.076215 1.29664
0.0773094 1.27651
0.0784157 1.2567
0.0795332 1.23721
0.0806619 1.21802
0.0818025 1.19913
0.0829546 1.18052
0.0841193 1.1622
0.0852968 1.14414
0.0864868 1.12634
0.0876895 1.10879
0.0889053 1.0915
0.0901348 1.07444
0.0913786 1.05761
0.0926363 1.04101
0.0939085 1.02462
0.0951951 1.00845
0.0964966 0.992485
0.0978145 0.97672
0.0991479 0.96115
0.100497 0.945769
0.101863 0.930573
0.103246 0.915555
0.104646 0.900712
0.106064 0.886037
0.107501 0.871528
0.108956 0.857178
0.110431 0.842984
0.111926 0.828942
0.11344 0.815047
0.114976 0.801296
0.116533 0.787684
0.118113 0.774208
0.119715 0.760864
0.121341 0.747649
0.12299 0.734559
0.124665 0.721591
0.126366 0.708742
0.128093 0.696008
0.129848 0.683386
0.131632 0.670874
0.133445 0.658468
0.135289 0.646166
0.137164 0.633964
0.139072 0.621861
0.141015 0.609853
0.142993 0.597938
0.145008 0.586113
0.147061 0.574376
0.149155 0.562725
0.151291 0.551157
0.15347 0.53967
0.155695 0.528261
0.157968 0.516929
0.160291 0.505672
0.162667 0.494486
0.165098 0.483371
0.167586 0.472324
0.170136 0.461343
0.172752 0.450426
0.175434 0.439572
0.178189 0.428779
0.18102 0.418044
0.183932 0.407366
0.186929 0.396744
0.190018 0.386175
0.193205 0.375658
0.196494 0.365191
0.199895 0.354772
0.203415 0.344401
0.207063 0.334075
0.210848 0.323793
0.214781 0.313553
0.218875 0.303353
0.223142 0.293194
0.227597 0.283072
0.232259 0.272986
0.237145 0.262936
0.242277 0.252919
0.247681 0.242934
0.253384 0.23298
0.25942 0.223056
0.265826 0.213159
0.272646 0.20329
0.279932 0.193446
0.287745 0.183626
0.296159 0.173829
0.305261 0.164054
0.315159 0.154299
0.325983 0.144564
0.3379 0.134846
0.351114 0.125145
0.365894 0.115459
0.382591 0.105788
0.401674 0.0961298
0.423793 0.0864833
0.449871 0.0768474
0.481284 0.0672209
0.520174 0.0576026
0.570127 0.0479914
0.637701 0.0383861
0.736604 0.0287855
0.902372 0.0191884
1.27633 0.0095936
0.000295916

0.00533375 165.676
0.00754306 82.8329
0.0092421 55.2163
0.010673 41.4063
0.0119335 33.119
0.0130739 27.593
0.0141225 23.6449
0.0151008 20.6829
0.0160216 18.3784
0.016893 16.5342
0.0177216 15.0246
0.0185157 13.7661
0.0192777 12.7007
0.020013 11.787
0.0207239 10.9946
0.0214112 10.3009
0.0220809 9.68844
0.0227313 9.14361
0.0233646 8.65578
0.0239851 8.2164
0.0245909 7.81853
0.025184 7.45653
0.0257657 7.12571
0.0263354 6.82217
0.0268956 6.54264
0.027447 6.28434
0.0279891 6.04493
0.0285234 5.82238
0.0290507 5.61493
0.0295698 5.42109
0.0300822 5.23952
0.0305895 5.06909
0.03109 4.90878
0.0315848 4.7577
0.0320744 4.61505
0.0325596 4.48014
0.0330401 4.35232
0.0335158 4.23105
0.0339883 4.11582
0.034456 4.00618
0.0349198 3.90172
0.0353811 3.80206
0.035839 3.70687
0.0362938 3.61585
0.0367454 3.52872
0.0371944 3.44522
0.0376408 3.36512
0.0380845 3.28822
0.0385263 3.2143
0.0389658 3.1432
0.0394037 3.07475
0.0398394 3.00879
0.0402733 2.94519
0.0407059 2.8838
0.041136 2.82452
0.041565 2.76722
0.041993 2.71181
0.0424196 2.65818
0.042845 2.60625
0.0432689 2.55592
0.0436922 2.50713
0.0441146 2.45978
0.0445355 2.41383
0.0449559 2.36919
0.045376 2.32581
0.045795 2.28363
0.046213 2.2426
0.0466308 2.20267
0.0470483 2.16378
0.0474651 2.1259
0.0478811 2.08898
0.0482967 2.05297
0.0487124 2.01785
0.0491276 1.98357
0.0498879 1.95011
0.0507326 1.91742
0.0515849 1.88548
0.0524452 1.85426
0.0533133 1.82373
0.0541898 1.79386
0.0550749 1.76464
0.0559681 1.73603
0.0568703 1.70801
0.0577816 1.68057
0.0587013 1.65367
0.0596309 1.62731
0.0605697 1.60146
0.0615179 1.57611
0.062476 1.55123
0.0634436 1.52682
0.0644219 1.50285
0.0654103 1.47931
0.0664089 1.45619
0.0674186 1.43347
0.0684392 1.41115
0.0694707 1.38919
0.0705138 1.36761
0.0715681 1.34638
0.072634 1.32549
0.0737125 1.30493
0.074803 1.28469
0.0759059 1.26476
0.0770217 1.24514
0.0781503 1.22581
0.079292 1.20676
0.0804471 1.18799
0.0816162 1.16948
0.0827992 1.15124
0.0839971 1.13325
0.0852093 1.1155
0.0864358 1.09799
0.0876785 1.0807
0.0889364 1.06365
0.0902098 1.04681
0.0915 1.03018
0.0928067 1.01376
0.0941305 0.997536
0.0954718 0.981507
0.0968303 0.965668
0.0982077 0.950012
0.0996036 0.934534
0.101018 0.919231
0.102453 0.904096
0.103908 0.889125
0.105383 0.874314
0.106879 0.859659
0.108397 0.845155
0.109938 0.830798
0.111501 0.816584
0.113088 0.80251
0.114699 0.788572
0.116334 0.774765
0.117996 0.761088
0.119684 0.747535
0.121399 0.734104
0.123143 0.720791
0.124915 0.707594
0.126717 0.694509
0.128551 0.681534
0.130417 0.668664
0.132315 0.655898
0.134249 0.643233
0.136219 0.630666
0.138225 0.618194
0.14027 0.605815
0.142355 0.593526
0.144483 0.581324
0.146654 0.569209
0.14887 0.557176
0.151134 0.545223
0.153448 0.533349
0.155814 0.521552
0.158235 0.509828
0.160714 0.498176
0.163253 0.486594
0.165855 0.47508
0.168525 0.463632
0.171265 0.452248
0.174081 0.440926
0.176975 0.429663
0.179954 0.41846
0.183022 0.407312
0.186185 0.396219
0.189451 0.385179
0.192824 0.374191
0.196313 0.363252
0.199928 0.35236
0.203676 0.341515
0.207569 0.330715
0.211617 0.319957
0.215835 0.309242
0.220236 0.298566
0.224838 0.287928
0.229658 0.277327
0.234717 0.266762
0.240041 0.256231
0.245656 0.245732
0.251594 0.235264
0.257891 0.224826
0.264591 0.214417
0.271745 0.204034
0.279411 0.193677
0.28766 0.183344
0.296579 0.173034
0.306271 0.162745
0.316865 0.152476
0.32852 0.142227
0.341437 0.131995
0.355878 0.121779
0.372183 0.111578
0.39081 0.101391
0.412391 0.0912169
0.437825 0.0810536
0.46845 0.0709002
0.506355 0.0607555
0.555028 0.0506182
0.620855 0.0404872
0.717185 0.030361
0.878616 0.0202386
1.24276 0.0101187
0.998765

Running program with n=8, m=400, filename=../data/Adam/SK_8n, start_point=1780, problems=2
0.00273509 313.38
0.00387084 156.688
0.00474195 104.456
0.0054762 78.339
0.00612482 62.6683
0.00670776 52.2206
0.00724395 44.7576
0.00774452 39.1599
0.00821463 34.8057
0.00866053 31.3221
0.00908336 28.4716
0.00948852 26.0959
0.00987486 24.0854
0.0102477 22.3619
0.0106095 20.868
0.0109584 19.5607
0.0112975 18.4069
0.0116248 17.3812
0.011945 16.4633
0.0122568 15.637
0.01256 14.8892
0.0128569 14.2093
0.013148 13.5884
0.0134327 13.0191
0.0137107 12.4952
0.0139848 12.0114
0.0142528 11.5634
0.0145159 11.1473
0.014775 10.7597
0.0150297 10.3979
0.0152808 10.0593
0.0155286 9.74182
0.0157718 9.44345
0.016012 9.16254
0.016248 8.89758
0.0164806 8.64726
0.0167132 8.41038
0.0169401 8.18588
0.0171639 7.97281
0.0173874 7.77032
0.0176062 7.57762
0.0178236 7.39402
0.0180389 7.21889
0.0182511 7.05164
0.0184614 6.89175
0.0186694 6.73875
0.0188756 6.59218
0.0190808 6.45166
0.0192827 6.3168
0.0194836 6.18728
0.019683 6.06277
0.0198798 5.94298
0.0200753 5.82766
0.0202688 5.71654
0.0204622 5.60941
0.0206527 5.50605
0.020842 5.40625
0.0210311 5.30984
0.021217 5.21664
0.0214023 5.12649
0.0215875 5.03925
0.0217702 4.95477
0.0219508 4.87291
0.022132 4.79357
0.0223116 4.71661
0.0224899 4.64194
0.0226672 4.56945
0.0228431 4.49904
0.0230187 4.43062
0.0231924 4.36411
0.0233658 4.29943
0.0235384 4.2365
0.0237097 4.17524
0.0238803 4.1156
0.0240501 4.05751
0.0242196 4.00089
0.024388 3.94571
0.0245538 3.8919
0.0247194 3.83941
0.0248862 3.78819
0.0250518 3.73819
0.0252154 3.68938
0.0253785 3.64169
0.0255422 3.59511
0.025704 3.54958
0.0258657 3.50507
0.0260267 3.46154
0.026186 3.41897
0.0263463 3.37731
0.0265061 3.33655
0.0266642 3.29664
0.0268217 3.25756
0.026979 3.21929
0.0271359 3.18179
0.0272927 3.14505
0.0274482 3.10904
0.0276036 3.07374
0.0277586 3.03912
0.0279126 3.00517
0.028067 2.97186
0.0282202 2.93918
0.0283733 2.90711
0.028526 2.87562
0.0286779 2.84471
0.0288293 2.81435
0.0289807 2.78454
0.0291317 2.75525
0.0292823 2.72647
0.0294325 2.69818
0.0295823 2.67038
0.0297318 2.64305
0.0298808 2.61618
0.0300298 2.58975
0.0301778 2.56375
0.0303261 2.53818
0.030474 2.51302
0.0306209 2.48826
0.0307681 2.46388
0.030915 2.43989
0.0310615 2.41627
0.0312084 2.39301
0.0313543 2.3701
0.0314991 2.34754
0.0316447 2.32531
0.0317903 2.30341
0.0319352 2.28183
0.0320798 2.26056
0.0322242 2.2396
0.0323678 2.21893
0.0326204 2.19856
0.0329157 2.17847
0.0332124 2.15865
0.033509 2.13911
0.0338063 2.11983
0.0341061 2.10081
0.0344065 2.08204
0.0347083 2.06352
0.0350108 2.04525
0.0353141 2.02721
0.0356191 2.0094
0.0359255 1.99182
0.0362327 1.97446
0.0365407 1.95732
0.0368504 1.94039
0.0371613 1.92368
0.0374737 1.90716
0.0377865 1.89084
0.0381012 1.87472
0.0384177 1.85879
0.0387341 1.84305
0.0390523 1.8275
0.0393728 1.81212
0.0396935 1.79692
0.0400153 1.7819
0.0403391 1.76704
0.0406646 1.75235
0.0409909 1.73782
0.0413178 1.72346
0.0416471 1.70925
0.0419779 1.69519
0.0423101 1.68129
0.042643 1.66754
0.0429775 1.65393
0.0433141 1.64046
0.0436517 1.62713
0.0439907 1.61394
0.0443315 1.60089
0.0446736 1.58797
0.0450172 1.57518
0.0453622 1.56252
0.0457091 1.54998
0.0460574 1.53757
0.0464072 1.52527
0.0467588 1.5131
0.047112 1.50105
0.0474667 1.4891
0.0478226 1.47728
0.0481804 1.46556
0.0485402 1.45395
0.0489019 1.44245
0.0492649 1.43105
0.0496292 1.41976
0.0499959 1.40857
0.0503646 1.39748
0.0507342 1.38649
0.0511056 1.37559
0.0514791 1.3648
0.0518543 1.35409
0.052232 1.34348
0.0526108 1.33295
0.0529914 1.32252
0.0533746 1.31217
0.0537593 1.30191
0.0541458 1.29174
0.0545346 1.28165
0.054925 1.27164
0.0553169 1.26171
0.0557116 1.25186
0.0561085 1.24209
0.0565072 1.2324
0.0569072 1.22278
0.0573096 1.21324
0.0577148 1.20377
0.0581218 1.19437
0.0585306 1.18504
0.0589418 1.17579
0.0593553 1.1666
0.0597703 1.15749
0.0601883 1.14844
0.0606086 1.13945
0.0610308 1.13053
0.0614557 1.12168
0.0618823 1.11288
0.0623116 1.10415
0.0627433 1.09549
0.0631772 1.08688
0.0636139 1.07833
0.0640531 1.06984
0.0644943 1.06141
0.0649379 1.05303
0.0653843 1.04471
0.0658333 1.03645
0.066285 1.02824
0.066739 1.02008
0.0671962 1.01198
0.0676556 1.00393
0.0681177 0.995932
0.0685828 0.987983
0.0690504 0.980084
0.069521 0.972235
0.0699943 0.964434
0.0704706 0.956681
0.0709493 0.948976
0.0714312 0.941317
0.0719162 0.933703
0.0724048 0.926135
0.072896 0.918612
0.0733899 0.911132
0.0738871 0.903696
0.074387 0.896303
0.0748911 0.888951
0.0753984 0.881642
0.0759082 0.874373
0.0764212 0.867145
0.0769384 0.859957
0.0774589 0.852808
0.0779821 0.845698
0.0785096 0.838626
0.0790403 0.831592
0.0795746 0.824595
0.0801125 0.817635
0.0806539 0.810711
0.0811999 0.803823
0.0817497 0.79697
0.0823024 0.790152
0.082859 0.783368
0.0834202 0.776618
0.0839855 0.769901
0.0845547 0.763218
0.0851279 0.756566
0.0857054 0.749947
0.0862871 0.74336
0.0868737 0.736803
0.0874642 0.730277
0.0880594 0.723782
0.088659 0.717317
0.0892632 0.710881
0.0898725 0.704474
0.0904864 0.698096
0.0911051 0.691746
0.0917284 0.685425
0.0923571 0.679131
0.0929909 0.672864
0.0936303 0.666624
0.094275 0.66041
0.0949245 0.654223
0.0955795 0.648061
0.0962406 0.641925
0.0969075 0.635814
0.0975799 0.629728
0.098258 0.623666
0.0989427 0.617628
0.0996334 0.611614
0.10033 0.605623
0.101033 0.599656
0.101743 0.593711
0.10246 0.587789
0.103183 0.581888
0.103913 0.57601
0.104651 0.570154
0.105395 0.564318
0.106148 0.558504
0.106907 0.55271
0.107674 0.546937
0.108449 0.541183
0.109233 0.53545
0.110025 0.529736
0.110825 0.524042
0.111633 0.518366
0.112451 0.512709
0.113277 0.507071
0.114113 0.501451
0.114959 0.495849
0.115814 0.490265
0.11668 0.484698
0.117555 0.479148
0.118441 0.473615
0.119338 0.468099
0.120246 0.462599
0.121165 0.457116
0.122096 0.451648
0.12304 0.446197
0.123995 0.44076
0.124963 0.435339
0.125944 0.429933
0.12694 0.424542
0.127948 0.419166
0.128971 0.413804
0.130009 0.408455
0.131061 0.403121
0.13213 0.397801
0.133215 0.392494
0.134316 0.3872
0.135434 0.38192
0.136571 0.376652
0.137725 0.371397
0.138899 0.366154
0.140092 0.360924
0.141305 0.355706
0.142539 0.350499
0.143795 0.345304
0.145075 0.340121
0.146376 0.334949
0.147703 0.329787
0.149055 0.324637
0.150433 0.319497
0.151837 0.314368
0.15327 0.309249
0.154733 0.304141
0.156227 0.299042
0.157752 0.293952
0.159311 0.288873
0.160905 0.283802
0.162534 0.278741
0.164202 0.273689
0.16591 0.268646
0.167659 0.263611
0.169451 0.258585
0.171289 0.253567
0.173176 0.248557
0.175112 0.243555
0.177101 0.238561
0.179146 0.233575
0.18125 0.228596
0.183416 0.223624
0.185647 0.218659
0.187947 0.213701
0.19032 0.20875
0.192771 0.203806
0.195304 0.198868
0.197924 0.193936
0.200638 0.189011
0.203451 0.184091
0.206369 0.179177
0.209401 0.174269
0.212555 0.169366
0.215839 0.164468
0.219264 0.159576
0.222839 0.154688
0.226578 0.149806
0.230495 0.144928
0.234603 0.140054
0.238922 0.135185
0.243469 0.13032
0.248267 0.125459
0.253341 0.120602
0.25872 0.115749
0.264436 0.110899
0.270527 0.106053
0.277039 0.10121
0.284022 0.0963705
0.291539 0.0915337
0.299664 0.0866996
0.308483 0.0818683
0.318105 0.0770395
0.328662 0.0722131
0.340318 0.0673888
0.353281 0.0625667
0.367819 0.0577465
0.384282 0.052928
0.403142 0.0481112
0.425048 0.0432959
0.450925 0.0384819
0.482148 0.0336691
0.520862 0.0288573
0.570652 0.0240464
0.638079 0.0192362
0.736853 0.0144267
0.902512 0.00961752
1.27639 0.00480869
0.000246091

0.00267341 330.533
0.00378386 165.264
0.00463049 110.173
0.00534683 82.6268
0.00598183 66.0984
0.00655205 55.0789
0.00707483 47.2074
0.00756463 41.3033
0.00802314 36.7108
0.00845821 33.0365
0.00887327 30.03
0.00926726 27.5242
0.00964758 25.4037
0.0100123 23.5859
0.010362 22.0103
0.0107056 20.6313
0.0110375 19.4144
0.0113567 18.3326
0.0116691 17.3644
0.0119734 16.4929
0.012272 15.7042
0.0125635 14.9871
0.0128457 14.3322
0.0131254 13.7317
0.0133993 13.1791
0.0136651 12.6689
0.0139275 12.1963
0.0141866 11.7574
0.0144412 11.3487
0.0146897 10.967
0.0149357 10.6099
0.0151792 10.275
0.0154174 9.96034
0.0156519 9.66405
0.0158852 9.38459
0.0161129 9.12057
0.0163396 8.87072
0.0165639 8.63393
0.0167831 8.4092
0.0170029 8.19562
0.0172185 7.99238
0.0174322 7.79873
0.0176439 7.61401
0.0178525 7.43761
0.0180593 7.26897
0.0182644 7.10759
0.0184678 6.95301
0.0186691 6.80479
0.0188688 6.66255
0.0190664 6.52594
0.019262 6.39461
0.0194574 6.26827
0.0196496 6.14664
0.0198412 6.02944
0.0200322 5.91644
0.0202207 5.80742
0.0204081 5.70216
0.0205937 5.60047
0.0207789 5.50217
0.0209618 5.40709
0.0211437 5.31507
0.0213263 5.22597
0.0215062 5.13963
0.0216841 5.05594
0.0218631 4.97478
0.0220408 4.89601
0.022216 4.81955
0.0223908 4.74529
0.0225653 4.67313
0.022738 4.60298
0.0229104 4.53476
0.023083 4.46838
0.0232528 4.40377
0.0234219 4.34087
0.0235927 4.27959
0.0237608 4.21988
0.0239278 4.16168
0.024095 4.10492
0.0242611 4.04956
0.0244271 3.99554
0.0245919 3.9428
0.0247565 3.89131
0.024921 3.84102
0.0250835 3.79188
0.0252454 3.74386
0.0254081 3.69692
0.0255697 3.65101
0.0257299 3.60611
0.0258905 3.56217
0.026051 3.51917
0.0262104 3.47708
0.0263689 3.43586
0.0265278 3.3955
0.0266862 3.35595
0.0268432 3.3172
0.0270006 3.27922
0.0271575 3.24198
0.0273143 3.20547
0.0274703 3.16966
0.0276258 3.13453
0.0277817 3.10006
0.0279363 3.06623
0.0280908 3.03302
0.0282454 3.00041
0.0283995 2.9684
0.0285532 2.93695
0.0287065 2.90605
0.0288602 2.8757
0.029013 2.84587
0.0291651 2.81655
0.0293172 2.78772
0.0294696 2.75937
0.0296217 2.7315
0.0297734 2.70408
0.0299247 2.67711
0.0300756 2.65057
0.0302274 2.62445
0.0303779 2.59874
0.0305282 2.57344
0.0306784 2.54853
0.0308287 2.52399
0.030979 2.49983
0.0311285 2.47603
0.0312785 2.45259
0.0314277 2.42949
0.031577 2.40673
0.0317271 2.3843
0.031876 2.36218
0.0320247 2.34039
0.032173 2.3189
0.0323217 2.2977
0.0324708 2.2768
0.0326193 2.25619
0.0327677 2.23586
0.0329159 2.2158
0.0330637 2.196
0.033212 2.17647
0.0333602 2.1572
0.0335079 2.13817
0.0336555 2.11939
0.0338032 2.10084
0.0339513 2.08254
0.0340988 2.06446
0.0342463 2.0466
0.0343941 2.02897
0.0345407 2.01155
0.0346883 1.99434
0.0348366 1.97734
0.0351328 1.96054
0.0354309 1.94393
0.0357311 1.92753
0.0360317 1.91131
0.0363335 1.89528
0.0366375 1.87943
0.0369429 1.86376
0.0372499 1.84826
0.037557 1.83294
0.0378663 1.81779
0.0381779 1.8028
0.03849 1.78798
0.0388036 1.77332
0.0391192 1.75881
0.0394361 1.74445
0.0397548 1.73025
0.0400749 1.71619
0.0403963 1.70228
0.0407193 1.68852
0.041044 1.67489
0.0413707 1.6614
0.0416987 1.64804
0.0420281 1.63482
0.0423592 1.62173
0.0426928 1.60876
0.0430274 1.59592
0.0433634 1.5832
0.0437019 1.57061
0.0440415 1.55813
0.0443833 1.54578
0.0447272 1.53353
0.0450719 1.5214
0.0454189 1.50938
0.0457677 1.49747
0.0461185 1.48567
0.0464708 1.47397
0.046825 1.46238
0.0471819 1.45089
0.04754 1.4395
0.0478998 1.42821
0.0482616 1.41701
0.0486261 1.40591
0.0489924 1.39491
0.0493603 1.38399
0.0497303 1.37317
0.0501021 1.36244
0.0504764 1.3518
0.0508528 1.34124
0.0512311 1.33077
0.0516116 1.32038
0.0519942 1.31007
0.0523792 1.29985
0.0527657 1.28971
0.0531551 1.27964
0.0535466 1.26965
0.0539401 1.25974
0.0543365 1.24991
0.0547344 1.24015
0.0551347 1.23046
0.0555374 1.22084
0.0559433 1.2113
0.056351 1.20182
0.0567606 1.19241
0.0571737 1.18307
0.057588 1.1738
0.0580054 1.16459
0.058426 1.15545
0.0588479 1.14637
0.0592729 1.13735
0.0597003 1.1284
0.0601308 1.1195
0.0605642 1.11067
0.0609997 1.1019
0.061438 1.09318
0.0618786 1.08452
0.0623225 1.07592
0.062769 1.06737
0.0632185 1.05888
0.0636711 1.05044
0.0641258 1.04206
0.0645836 1.03373
0.0650446 1.02545
0.0655088 1.01722
0.0659759 1.00905
0.0664457 1.00092
0.0669188 0.992839
0.0673949 0.984809
0.0678745 0.976827
0.0683569 0.968892
0.0688425 0.961003
0.069332 0.95316
0.0698241 0.945362
0.0703196 0.937608
0.0708187 0.929898
0.0713213 0.922232
0.0718271 0.914608
0.0723368 0.907027
0.07285 0.899486
0.0733663 0.891987
0.0738866 0.884528
0.0744107 0.877109
0.0749383 0.869729
0.0754697 0.862388
0.0760052 0.855085
0.0765443 0.84782
0.0770872 0.840592
0.0776346 0.833401
0.0781863 0.826246
0.0787411 0.819126
0.0793004 0.812042
0.0798649 0.804992
0.0804324 0.797977
0.0810049 0.790995
0.0815822 0.784047
0.0821627 0.777132
0.0827481 0.770249
0.0833385 0.763398
0.0839343 0.756579
0.0845341 0.749791
0.0851384 0.743033
0.085748 0.736306
0.0863623 0.729609
0.0869821 0.722941
0.0876068 0.716303
0.0882365 0.709693
0.088872 0.703111
0.0895127 0.696558
0.0901588 0.690032
0.0908106 0.683533
0.091468 0.677061
0.0921311 0.670615
0.0928003 0.664196
0.0934755 0.657802
0.0941563 0.651434
0.0948437 0.64509
0.0955378 0.638772
0.0962381 0.632478
0.0969445 0.626207
0.0976582 0.619961
0.0983787 0.613738
0.099106 0.607538
0.0998406 0.601361
0.100582 0.595206
0.101331 0.589073
0.102088 0.582963
0.102852 0.576873
0.103624 0.570805
0.104404 0.564758
0.105193 0.558731
0.10599 0.552725
0.106796 0.546739
0.10761 0.540773
0.108434 0.534826
0.109266 0.528898
0.110108 0.522989
0.110961 0.517099
0.111822 0.511227
0.112694 0.505374
0.113576 0.499538
0.114469 0.49372
0.115373 0.48792
0.116288 0.482136
0.117215 0.476369
0.118154 0.470619
0.119105 0.464885
0.120068 0.459168
0.121044 0.453466
0.122033 0.44778
0.123036 0.442109
0.124054 0.436453
0.125085 0.430812
0.126131 0.425186
0.127193 0.419575
0.128271 0.413977
0.129364 0.408394
0.130475 0.402824
0.131603 0.397268
0.132749 0.391725
0.133913 0.386196
0.135097 0.380679
0.1363 0.375175
0.137524 0.369684
0.13877 0.364204
0.140037 0.358737
0.141327 0.353282
0.14264 0.347838
0.143979 0.342406
0.145343 0.336985
0.146733 0.331575
0.148151 0.326176
0.149598 0.320788
0.151075 0.31541
0.152582 0.310042
0.154122 0.304684
0.155696 0.299336
0.157305 0.293998
0.158952 0.28867
0.160636 0.28335
0.162361 0.27804
0.164129 0.272739
0.165941 0.267446
0.167799 0.262162
0.169707 0.256886
0.171666 0.251619
0.173679 0.24636
0.175749 0.241108
0.177879 0.235864
0.180073 0.230628
0.182334 0.225398
0.184666 0.220176
0.187073 0.214961
0.189561 0.209753
0.192133 0.204551
0.194796 0.199356
0.197555 0.194167
0.200418 0.188984
0.20339 0.183807
0.206481 0.178636
0.209699 0.17347
0.213052 0.16831
0.216553 0.163155
0.220213 0.158005
0.224046 0.15286
0.228065 0.14772
0.232288 0.142584
0.236734 0.137453
0.241424 0.132326
0.246382 0.127203
0.251637 0.122085
0.257219 0.11697
0.263167 0.111858
0.269524 0.10675
0.27634 0.101645
0.283675 0.0965437
0.291601 0.0914451
0.300203 0.0863494
0.309587 0.0812562
0.31988 0.0761656
0.331244 0.0710774
0.343879 0.0659913
0.358047 0.0609072
0.37409 0.0558251
0.392466 0.0507446
0.413807 0.0456657
0.439014 0.0405882
0.469425 0.0355119
0.507131 0.0304368
0.555621 0.0253626
0.621282 0.0202891
0.717466 0.0152163
0.878775 0.0101439
1.24283 0.00507189
0.999438

Running program with n=8, m=800, filename=../data/Adam/SK_8n, start_point=1780, problems=2
0.00138151 625.981
0.00194249 312.989
0.00237444 208.658
0.0027431 156.492
0.00305703 125.192
0.0033547 104.325
0.003625 89.4203
0.0038765 78.2412
0.00411532 69.5463
0.00433343 62.5901
0.00454591 56.8986
0.00475119 52.1555
0.00494353 48.142
0.00512653 44.7017
0.00530941 41.7201
0.00548421 39.111
0.00565166 36.8088
0.00581428 34.7623
0.00597432 32.9311
0.00613376 31.283
0.00628393 29.7918
0.00642888 28.436
0.00657398 27.1981
0.0067192 26.0633
0.00685656 25.0192
0.00698964 24.0553
0.0071264 23.1628
0.00725757 22.334
0.00738194 21.5623
0.00751157 20.842
0.00763612 20.1681
0.00775725 19.5362
0.0078807 18.9426
0.00799676 18.3839
0.00811387 17.8571
0.00823197 17.3595
0.00834446 16.8887
0.00845676 16.4427
0.00856758 16.0195
0.00867824 15.6174
0.00878627 15.2349
0.00889175 14.8706
0.00899843 14.5232
0.00910387 14.1915
0.0092069 13.8746
0.00930762 13.5714
0.00940959 13.281
0.00950931 13.0027
0.00960914 12.7358
0.00970907 12.4795
0.00980351 12.2332
0.00989927 11.9963
0.00999739 11.7684
0.0100913 11.5489
0.0101833 11.3373
0.0102776 11.1333
0.0103701 10.9364
0.0104606 10.7462
0.0105525 10.5625
0.0106415 10.3848
0.0107308 10.213
0.0108184 10.0467
0.0109062 9.88561
0.0109944 9.72955
0.0110789 9.57827
0.0111656 9.43155
0.0112518 9.28918
0.0113363 9.15098
0.0114211 9.01676
0.0115034 8.88635
0.011586 8.75959
0.0116691 8.63633
0.0117515 8.51643
0.0118324 8.39974
0.0119128 8.28615
0.0119935 8.17552
0.0120729 8.06775
0.0121525 7.96271
0.0122308 7.86032
0.0123086 7.76047
0.0123876 7.66306
0.0124662 7.56801
0.0125425 7.47522
0.0126184 7.38463
0.0126946 7.29615
0.0127713 7.20971
0.0128475 7.12524
0.0129224 7.04267
0.0129961 6.96194
0.0130701 6.88298
0.0131446 6.80574
0.0132178 6.73016
0.0132907 6.65619
0.0133647 6.58378
0.0134376 6.51287
0.0135084 6.44342
0.0135805 6.37539
0.013653 6.30873
0.0137235 6.2434
0.0137937 6.17936
0.013865 6.11658
0.0139361 6.055
0.0140059 5.99461
0.0140739 5.93537
0.0141439 5.87723
0.0142135 5.82018
0.014282 5.76418
0.0143502 5.7092
0.0144188 5.65521
0.0144879 5.6022
0.0145544 5.55012
0.014622 5.49896
0.0146894 5.44868
0.0147565 5.39928
0.0148232 5.35072
0.0148889 5.30298
0.0149565 5.25605
0.0150224 5.2099
0.0150872 5.16451
0.0151525 5.11986
0.0152183 5.07594
0.0152844 5.03272
0.0153482 4.99019
0.0154131 4.94834
0.0154784 4.90714
0.0155413 4.86658
0.0156054 4.82665
0.01567 4.78733
0.0157328 4.74861
0.0157962 4.71047
0.0158599 4.6729
0.0159234 4.63588
0.0159867 4.59941
0.0160483 4.56348
0.0161111 4.52806
0.0161736 4.49315
0.0162345 4.45874
0.0162972 4.42482
0.016359 4.39137
0.0164213 4.35838
0.0164819 4.32586
0.0165437 4.29378
0.0166059 4.26214
0.0166646 4.23092
0.0167257 4.20013
0.0167872 4.16974
0.0168479 4.13976
0.0169083 4.11017
0.0169666 4.08097
0.0170266 4.05214
0.0170884 4.02369
0.0171473 3.9956
0.0172067 3.96786
0.0172672 3.94048
0.0173255 3.91344
0.0173843 3.88673
0.0174441 3.86036
0.0175025 3.8343
0.0175613 3.80857
0.0176199 3.78314
0.0176783 3.75802
0.0177366 3.7332
0.0177946 3.70868
0.0178531 3.68444
0.0179107 3.66049
0.0179688 3.63682
0.0180267 3.61342
0.0180844 3.59028
0.0181413 3.56742
0.0181987 3.54481
0.0182565 3.52245
0.0183129 3.50035
0.0183703 3.47849
0.0184275 3.45687
0.018484 3.43549
0.0185408 3.41435
0.0185976 3.39343
0.0186541 3.37274
0.0187104 3.35227
0.0187666 3.33202
0.0188227 3.31198
0.0188785 3.29216
0.0189348 3.27254
0.0189903 3.25313
0.0190457 3.23391
0.0191021 3.2149
0.0191571 3.19607
0.0192131 3.17744
0.0192696 3.159
0.0193236 3.14074
0.0193786 3.12267
0.0194345 3.10477
0.0194892 3.08706
0.0195443 3.06951
0.0195992 3.05214
0.019654 3.03493
0.0197086 3.01789
0.019763 3.00102
0.0198179 2.9843
0.0198715 2.96775
0.0199261 2.95135
0.0199805 2.9351
0.0200348 2.91901
0.0200895 2.90306
0.0201429 2.88727
0.0201973 2.87161
0.0202515 2.8561
0.0203045 2.84074
0.0203585 2.82551
0.0204123 2.81041
0.020466 2.79546
0.0205195 2.78063
0.0205729 2.76594
0.0206266 2.75137
0.0206798 2.73694
0.0207333 2.72262
0.0207866 2.70844
0.0208388 2.69437
0.0208924 2.68043
0.0209459 2.6666
0.0209977 2.65289
0.0210514 2.6393
0.0211045 2.62582
0.0211564 2.61246
0.0212097 2.5992
0.0212624 2.58606
0.0213145 2.57302
0.0213669 2.56009
0.0214197 2.54726
0.0214719 2.53454
0.0215239 2.52192
0.0215774 2.50941
0.0216297 2.49699
0.0216808 2.48467
0.0217329 2.47245
0.0217853 2.46033
0.0218381 2.4483
0.0218893 2.43636
0.0219408 2.42452
0.0219938 2.41276
0.0220446 2.4011
0.0220962 2.38953
0.0221483 2.37804
0.0222002 2.36665
0.0222521 2.35533
0.0223033 2.34411
0.0223549 2.33296
0.0224058 2.3219
0.0224572 2.31092
0.0225094 2.30002
0.0225605 2.28921
0.0226115 2.27847
0.0226628 2.2678
0.0227136 2.25722
0.0227652 2.24671
0.0228167 2.23628
0.0228676 2.22592
0.0229184 2.21563
0.0230096 2.20542
0.0231144 2.19528
0.0232199 2.18521
0.0233235 2.17521
0.0234282 2.16527
0.0235335 2.15541
0.0236389 2.14562
0.0237439 2.13589
0.0238491 2.12623
0.0239558 2.11663
0.0240617 2.1071
0.0241672 2.09763
0.0242739 2.08822
0.0243801 2.07888
0.024487 2.0696
0.024595 2.06038
0.0247007 2.05122
0.0248074 2.04212
0.0249167 2.03308
0.0250243 2.0241
0.0251319 2.01518
0.0252402 2.00631
0.0253476 1.9975
0.0254566 1.98875
0.0255662 1.98005
0.025675 1.97141
0.0257844 1.96282
0.0258935 1.95429
0.0260027 1.9458
0.0261135 1.93737
0.0262235 1.929
0.0263331 1.92067
0.0264438 1.9124
0.0265542 1.90417
0.0266657 1.896
0.0267769 1.88787
0.0268882 1.87979
0.0269997 1.87177
0.0271113 1.86379
0.027224 1.85585
0.0273359 1.84797
0.0274484 1.84013
0.0275611 1.83233
0.027674 1.82459
0.0277874 1.81688
0.0279011 1.80922
0.0280144 1.80161
0.0281283 1.79404
0.0282429 1.78651
0.0283567 1.77903
0.0284711 1.77158
0.0285871 1.76418
0.0287014 1.75683
0.0288158 1.74951
0.0289328 1.74223
0.0290486 1.735
0.029164 1.7278
0.02928 1.72064
0.0293972 1.71353
0.0295136 1.70645
0.0296302 1.69941
0.0297484 1.69241
0.0298662 1.68544
0.0299838 1.67851
0.0301011 1.67162
0.0302199 1.66477
0.0303385 1.65796
0.0304568 1.65117
0.0305762 1.64443
0.0306954 1.63772
0.0308152 1.63105
0.0309351 1.62441
0.0310548 1.6178
0.0311756 1.61123
0.0312962 1.60469
0.0314164 1.59819
0.0315383 1.59172
0.0316599 1.58528
0.0317812 1.57887
0.0319032 1.5725
0.0320258 1.56616
0.0321482 1.55985
0.0322703 1.55357
0.0323936 1.54732
0.032517 1.5411
0.0326407 1.53492
0.032765 1.52876
0.0328896 1.52264
0.0330134 1.51654
0.0331379 1.51047
0.033263 1.50444
0.0333884 1.49843
0.0335145 1.49245
0.0336403 1.4865
0.0337659 1.48057
0.0338926 1.47468
0.0340196 1.46881
0.0341468 1.46297
0.0342742 1.45716
0.0344013 1.45137
0.0345296 1.44561
0.0346582 1.43988
0.0347865 1.43417
0.034915 1.42849
0.0350447 1.42284
0.0351742 1.41721
0.0353034 1.41161
0.0354339 1.40603
0.0355641 1.40048
0.035695 1.39495
0.0358266 1.38944
0.0359575 1.38396
0.0360887 1.37851
0.036221 1.37308
0.0363532 1.36767
0.0364855 1.36229
0.0366191 1.35693
0.036752 1.35159
0.0368857 1.34628
0.03702 1.34098
0.0371542 1.33572
0.0372881 1.33047
0.0374232 1.32525
0.0375586 1.32004
0.0376943 1.31486
0.0378303 1.30971
0.0379665 1.30457
0.0381035 1.29945
0.0382397 1.29436
0.0383768 1.28929
0.0385146 1.28423
0.0386531 1.2792
0.0387915 1.27419
0.0389297 1.2692
0.0390686 1.26423
0.0392083 1.25928
0.0393478 1.25435
0.0394876 1.24944
0.0396282 1.24455
0.0397691 1.23967
0.0399107 1.23482
0.0400522 1.22999
0.0401935 1.22517
0.040336 1.22038
0.0404789 1.2156
0.0406216 1.21084
0.0407646 1.2061
0.0409084 1.20138
0.0410525 1.19667
0.0411975 1.19199
0.0413427 1.18732
0.0414873 1.18267
0.0416332 1.17804
0.0417794 1.17342
0.041925 1.16882
0.0420724 1.16424
0.0422201 1.15968
0.0423677 1.15513
0.0425151 1.1506
0.0426633 1.14609
0.0428124 1.14159
0.0429618 1.13711
0.0431116 1.13264
0.0432612 1.12819
0.0434112 1.12376
0.043562 1.11934
0.0437137 1.11494
0.0438653 1.11056
0.0440177 1.10619
0.0441695 1.10183
0.0443226 1.09749
0.0444767 1.09317
0.0446301 1.08886
0.0447839 1.08457
0.0449385 1.08029
0.0450936 1.07602
0.0452495 1.07177
0.0454054 1.06754
0.0455616 1.06332
0.0457182 1.05911
0.0458752 1.05492
0.0460336 1.05074
0.0461909 1.04658
0.0463502 1.04243
0.0465093 1.03829
0.0466684 1.03417
0.0468289 1.03006
0.0469893 1.02596
0.0471501 1.02188
0.0473113 1.01781
0.0474735 1.01376
0.0476357 1.00971
0.0477982 1.00569
0.0479617 1.00167
0.0481251 0.997665
0.0482895 0.993674
0.0484544 0.989695
0.0486192 0.98573
0.0487849 0.981776
0.0489517 0.977835
0.0491189 0.973907
0.049285 0.96999
0.0494526 0.966086
0.0496212 0.962194
0.0497898 0.958313
0.0499594 0.954445
0.050129 0.950588
0.050299 0.946743
0.0504701 0.94291
0.0506411 0.939088
0.0508132 0.935277
0.0509853 0.931478
0.0511578 0.92769
0.0513319 0.923914
0.0515061 0.920148
0.0516802 0.916394
0.0518554 0.912651
0.0520316 0.908918
0.0522073 0.905197
0.0523841 0.901486
0.0525615 0.897785
0.0527394 0.894096
0.0529178 0.890417
0.0530963 0.886748
0.0532759 0.88309
0.0534565 0.879442
0.0536378 0.875804
0.0538186 0.872176
0.0539999 0.868559
0.0541829 0.864951
0.054366 0.861354
0.0545502 0.857766
0.0547344 0.854188
0.0549193 0.85062
0.0551053 0.847062
0.0552909 0.843513
0.0554777 0.839974
0.055665 0.836444
0.055853 0.832924
0.0560417 0.829413
0.056232 0.825911
0.056422 0.822419
0.056612 0.818936
0.0568033 0.815461
0.0569947 0.811996
0.0571884 0.80854
0.0573811 0.805093
0.0575751 0.801655
0.0577703 0.798225
0.0579651 0.794804
0.0581617 0.791392
0.058358 0.787988
0.058555 0.784594
0.0587532 0.781207
0.0589527 0.777829
0.0591519 0.774459
0.0593518 0.771098
0.0595535 0.767745
0.0597549 0.7644
0.0599571 0.761063
0.0601606 0.757735
0.0603643 0.754414
0.0605688 0.751102
0.0607747 0.747797
0.0609808 0.7445
0.0611882 0.741212
0.0613954 0.73793
0.061604 0.734657
0.0618139 0.731391
0.0620236 0.728133
0.0622341 0.724883
0.062446 0.72164
0.0626588 0.718404
0.0628724 0.715176
0.0630864 0.711955
0.0633007 0.708742
0.063517 0.705536
0.0637342 0.702337
0.0639518 0.699145
0.0641697 0.69596
0.0643892 0.692783
0.0646101 0.689612
0.0648308 0.686449
0.0650525 0.683292
0.0652752 0.680142
0.0654983 0.677
0.0657241 0.673863
0.0659497 0.670734
0.0661763 0.667611
0.0664034 0.664495
0.066631 0.661386
0.0668618 0.658283
0.067092 0.655187
0.0673227 0.652097
0.0675555 0.649013
0.0677884 0.645936
0.0680228 0.642866
0.0682584 0.639801
0.0684945 0.636743
0.0687318 0.633691
0.0689701 0.630646
0.0692102 0.627606
0.0694503 0.624572
0.0696921 0.621545
0.0699346 0.618523
0.0701777 0.615508
0.0704231 0.612498
0.0706686 0.609495
0.0709159 0.606497
0.071165 0.603505
0.0714142 0.600518
0.0716641 0.597538
0.0719159 0.594563
0.072169 0.591594
0.0724222 0.58863
0.0726779 0.585672
0.0729355 0.582719
0.0731919 0.579772
0.0734505 0.576831
0.073712 0.573895
0.0739728 0.570964
0.0742356 0.568038
0.0744999 0.565118
0.074765 0.562203
0.0750318 0.559294
0.0752999 0.556389
0.0755695 0.55349
0.0758399 0.550596
0.0761119 0.547707
0.0763849 0.544823
0.07666 0.541944
0.0769373 0.53907
0.0772144 0.536201
0.0774932 0.533336
0.0777748 0.530477
0.0780568 0.527623
0.0783411 0.524773
0.0786266 0.521928
0.0789122 0.519088
0.0792008 0.516253
0.0794914 0.513422
0.079783 0.510596
0.0800754 0.507774
0.0803706 0.504957
0.0806673 0.502145
0.0809662 0.499337
0.0812657 0.496533
0.0815666 0.493735
0.0818703 0.49094
0.0821754 0.48815
0.0824831 0.485364
0.0827919 0.482582
0.0831015 0.479805
0.0834144 0.477032
0.0837291 0.474263
0.084045 0.471499
0.0843637 0.468739
0.0846836 0.465982
0.0850054 0.46323
0.0853301 0.460482
0.0856561 0.457738
0.0859841 0.454998
0.0863147 0.452262
0.0866477 0.44953
0.0869821 0.446802
0.0873187 0.444077
0.087658 0.441357
0.0879995 0.43864
0.0883426 0.435927
0.0886885 0.433218
0.0890377 0.430513
0.0893879 0.427812
0.0897405 0.425114
0.0900961 0.422419
0.0904545 0.419729
0.090815 0.417042
0.0911777 0.414358
0.0915439 0.411679
0.0919123 0.409002
0.0922828 0.40633
0.0926566 0.40366
0.0930327 0.400994
0.0934127 0.398332
0.0937951 0.395673
0.0941797 0.393017
0.0945678 0.390364
0.0949583 0.387715
0.0953524 0.385069
0.0957503 0.382427
0.0961503 0.379788
0.0965534 0.377151
0.0969601 0.374518
0.0973704 0.371889
0.0977837 0.369262
0.0981997 0.366638
0.0986205 0.364018
0.0990442 0.3614
0.0994714 0.358786
0.0999027 0.356174
0.100337 0.353566
0.100775 0.35096
0.101217 0.348358
0.101664 0.345758
0.102115 0.343161
0.102568 0.340567
0.103027 0.337976
0.10349 0.335387
0.103957 0.332802
0.104428 0.330219
0.104903 0.327639
0.105384 0.325061
0.105869 0.322486
0.106359 0.319914
0.106852 0.317345
0.107352 0.314778
0.107857 0.312213
0.108366 0.309652
0.108881 0.307092
0.1094 0.304536
0.109926 0.301981
0.110457 0.29943
0.110993 0.29688
0.111536 0.294333
0.112085 0.291789
0.112638 0.289247
0.113198 0.286707
0.113765 0.284169
0.114339 0.281634
0.114918 0.279101
0.115504 0.276571
0.116098 0.274042
0.116698 0.271516
0.117305 0.268992
0.11792 0.26647
0.118543 0.26395
0.119172 0.261433
0.11981 0.258917
0.120456 0.256404
0.121111 0.253893
0.121773 0.251383
0.122444 0.248876
0.123125 0.246371
0.123814 0.243867
0.124513 0.241366
0.125221 0.238867
0.125939 0.236369
0.126667 0.233873
0.127406 0.23138
0.128155 0.228888
0.128915 0.226398
0.129687 0.223909
0.13047 0.221423
0.131264 0.218938
0.132072 0.216455
0.132891 0.213974
0.133724 0.211494
0.134569 0.209016
0.135429 0.20654
0.136303 0.204065
0.137191 0.201592
0.138094 0.199121
0.139012 0.196651
0.139947 0.194182
0.140898 0.191716
0.141866 0.18925
0.142852 0.186786
0.143855 0.184324
0.144877 0.181863
0.14592 0.179404
0.146981 0.176946
0.148064 0.174489
0.149168 0.172034
0.150294 0.16958
0.151443 0.167127
0.152617 0.164676
0.153814 0.162226
0.155037 0.159777
0.156288 0.15733
0.157567 0.154883
0.158874 0.152438
0.160211 0.149994
0.161579 0.147552
0.16298 0.14511
0.164416 0.14267
0.165886 0.140231
0.167393 0.137792
0.168939 0.135355
0.170526 0.132919
0.172155 0.130484
0.173828 0.12805
0.175548 0.125617
0.177317 0.123185
0.179136 0.120754
0.18101 0.118324
0.18294 0.115894
0.18493 0.113466
0.186982 0.111039
0.1891 0.108612
0.191289 0.106186
0.193552 0.103761
0.195894 0.101337
0.198319 0.0989139
0.200832 0.0964913
0.20344 0.0940695
0.206148 0.0916484
0.208963 0.089228
0.211893 0.0868082
0.214945 0.0843892
0.218129 0.0819708
0.221455 0.0795531
0.224933 0.0771359
0.228576 0.0747194
0.232398 0.0723034
0.236414 0.069888
0.24064 0.0674731
0.245097 0.0650588
0.249807 0.062645
0.254794 0.0602316
0.260087 0.0578187
0.265719 0.0554062
0.271728 0.0529942
0.27816 0.0505826
0.285064 0.0481714
0.292505 0.0457605
0.300554 0.04335
0.309301 0.0409398
0.318852 0.03853
0.329341 0.0361204
0.34093 0.0337111
0.353829 0.0313021
0.368305 0.0288933
0.384709 0.0264848
0.403513 0.0240764
0.425365 0.0216682
0.451191 0.0192602
0.482365 0.0168524
0.521035 0.0144447
0.570784 0.012037
0.638174 0.00962953
0.736915 0.00722208
0.902547 0.00481469
1.27641 0.00240734
0.000241478

0.00134755 660.244
0.00188731 330.12
0.00230895 220.079
0.00267776 165.058
0.00299772 132.045
0.00327958 110.036
0.00353906 94.3147
0.00378386 82.5238
0.00401375 73.3529
0.00423667 66.016
0.00444581 60.0129
0.00463551 55.0102
0.00482741 50.777
0.00500964 47.1485
0.00518547 44.0036
0.0053577 41.2517
0.00551824 38.8235
0.0056804 36.665
0.00584004 34.7336
0.00598766 32.9953
0.00613553 31.4224
0.00628177 29.9925
0.00642287 28.6868
0.00656093 27.4899
0.00669615 26.3886
0.0068304 25.372
0.00695871 24.4306
0.00708798 23.5565
0.00721494 22.7425
0.00733812 21.9827
0.00746082 21.272
0.00757847 20.6055
0.00769432 19.9795
0.00781441 19.3902
0.00792828 18.8345
0.00804054 18.3096
0.00815267 17.8131
0.00826047 17.3427
0.00837245 16.8963
0.00847882 16.4722
0.00858253 16.0688
0.00868901 15.6845
0.00879156 15.3181
0.00889293 14.9683
0.00899574 14.634
0.00909483 14.3142
0.00919412 14.008
0.00929235 13.7144
0.00938831 13.4329
0.00948698 13.1625
0.00958099 12.9028
0.00967409 12.653
0.00976868 12.4126
0.00986119 12.181
0.009954 11.9579
0.0100448 11.7426
0.0101348 11.535
0.010224 11.3344
0.0103124 11.1406
0.0104001 10.9532
0.010487 10.772
0.0105743 10.5966
0.0106609 10.4267
0.0107469 10.2621
0.0108321 10.1025
0.0109145 9.94778
0.0109974 9.79762
0.0110828 9.65185
0.0111644 9.51029
0.0112465 9.37274
0.011329 9.23905
0.0114088 9.10904
0.0114882 8.98257
0.0115669 8.8595
0.0116471 8.73969
0.0117268 8.62301
0.011805 8.50933
0.0118836 8.39855
0.0119617 8.29055
0.0120383 8.18523
0.0121135 8.08249
0.0121892 7.98224
0.0122663 7.88438
0.0123429 7.78883
0.0124172 7.69551
0.0124901 7.60433
0.0125654 7.51524
0.0126411 7.42815
0.0127127 7.343
0.0127858 7.25972
0.0128593 7.17825
0.0129306 7.09853
0.0130033 7.02051
0.0130748 6.94414
0.0131467 6.86935
0.0132191 6.7961
0.0132885 6.72435
0.0133575 6.65404
0.0134288 6.58513
0.0134996 6.51759
0.0135685 6.45137
0.0136378 6.38642
0.0137076 6.32273
0.0137753 6.26024
0.0138436 6.19892
0.0139124 6.13875
0.0139808 6.07968
0.0140481 6.02169
0.0141151 5.96475
0.0141825 5.90883
0.0142497 5.8539
0.0143173 5.79994
0.0143822 5.74692
0.0144476 5.69481
0.0145159 5.64359
0.0145808 5.59324
0.0146445 5.54374
0.0147119 5.49506
0.0147774 5.44719
0.0148419 5.4001
0.014906 5.35377
0.0149699 5.30819
0.0150343 5.26333
0.0150992 5.21919
0.0151623 5.17573
0.0152267 5.13296
0.0152907 5.09084
0.015353 5.04937
0.0154158 5.00852
0.0154791 4.9683
0.0155422 4.92867
0.0156042 4.88963
0.0156668 4.85116
0.0157283 4.81326
0.0157918 4.7759
0.0158536 4.73908
0.0159144 4.70279
0.0159765 4.66701
0.0160376 4.63173
0.0160999 4.59694
0.0161612 4.56263
0.0162209 4.5288
0.0162818 4.49542
0.0163424 4.4625
0.0164029 4.43002
0.0164631 4.39797
0.0165231 4.36635
0.0165849 4.33514
0.0166445 4.30434
0.0167038 4.27394
0.0167637 4.24392
0.0168219 4.2143
0.0168827 4.18504
0.0169425 4.15616
0.0170015 4.12764
0.0170589 4.09947
0.0171175 4.07165
0.0171779 4.04417
0.0172361 4.01703
0.0172954 3.99021
0.0173539 3.96372
0.0174108 3.93754
0.0174709 3.91167
0.0175288 3.88611
0.0175851 3.86085
0.0176446 3.83588
0.0177025 3.81119
0.017759 3.7868
0.0178166 3.76268
0.0178753 3.73883
0.0179332 3.71525
0.0179889 3.69194
0.0180457 3.66888
0.0181043 3.64608
0.0181615 3.62353
0.0182178 3.60123
0.0182746 3.57917
0.0183312 3.55735
0.0183882 3.53576
0.0184451 3.5144
0.0185012 3.49326
0.0185577 3.47235
0.0186141 3.45166
0.0186703 3.43118
0.018727 3.41092
0.0187828 3.39086
0.0188385 3.37101
0.0188947 3.35136
0.0189506 3.33191
0.0190064 3.31265
0.0190615 3.29359
0.0191176 3.27471
0.0191735 3.25603
0.0192287 3.23752
0.0192837 3.2192
0.0193391 3.20105
0.0193944 3.18308
0.0194502 3.16528
0.0195058 3.14765
0.0195606 3.13019
0.0196159 3.11289
0.0196698 3.09575
0.0197253 3.07878
0.0197807 3.06196
0.0198348 3.0453
0.0198899 3.02879
0.0199448 3.01243
0.0199996 2.99622
0.0200531 2.98016
0.0201076 2.96424
0.0201631 2.94846
0.0202167 2.93283
0.0202719 2.91733
0.0203264 2.90197
0.020379 2.88674
0.0204337 2.87165
0.0204889 2.85668
0.0205434 2.84185
0.0205966 2.82714
0.0206502 2.81256
0.0207048 2.7981
0.0207581 2.78376
0.0208125 2.76955
0.0208666 2.75545
0.0209196 2.74147
0.020974 2.7276
0.0210278 2.71385
0.0210814 2.70022
0.0211344 2.68669
0.0211883 2.67327
0.0212426 2.65996
0.0212951 2.64676
0.0213492 2.63366
0.0214025 2.62067
0.0214558 2.60778
0.0215089 2.59499
0.0215629 2.5823
0.0216163 2.56971
0.0216685 2.55722
0.0217227 2.54483
0.0217757 2.53253
0.021829 2.52032
0.0218828 2.50821
0.0219349 2.49618
0.0219879 2.48425
0.0220413 2.47241
0.0220941 2.46066
0.0221467 2.44899
0.0222008 2.43741
0.0222542 2.42592
0.0223059 2.41451
0.0223591 2.40318
0.0224116 2.39193
0.0224645 2.38077
0.0225178 2.36968
0.0225699 2.35868
0.022623 2.34775
0.0226759 2.3369
0.0227282 2.32613
0.0227809 2.31544
0.0228345 2.30481
0.022887 2.29427
0.0229393 2.28379
0.022992 2.27339
0.0230446 2.26306
0.0230971 2.2528
0.0231494 2.2426
0.0232022 2.23248
0.0232543 2.22243
0.0233068 2.21244
0.0233597 2.20252
0.0234124 2.19267
0.0234646 2.18288
0.0235166 2.17316
0.0235695 2.1635
0.0236223 2.1539
0.023674 2.14436
0.023726 2.13489
0.0237794 2.12548
0.0238313 2.11613
0.0238835 2.10684
0.0239361 2.0976
0.023988 2.08843
0.0240404 2.07931
0.0240931 2.07026
0.0241452 2.06125
0.0241972 2.05231
0.0242496 2.04342
0.0243014 2.03458
0.0243536 2.0258
0.0244066 2.01707
0.024459 2.0084
0.0245103 1.99977
0.0245625 1.9912
0.0246146 1.98268
0.0246874 1.97422
0.0247922 1.9658
0.0248971 1.95743
0.0250036 1.94911
0.0251093 1.94085
0.0252146 1.93263
0.0253211 1.92445
0.0254281 1.91633
0.0255344 1.90825
0.0256412 1.90022
0.0257492 1.89223
0.0258564 1.8843
0.0259646 1.8764
0.026073 1.86855
0.0261801 1.86075
0.0262883 1.85299
0.0263981 1.84527
0.0265071 1.83759
0.0266163 1.82996
0.026726 1.82237
0.026836 1.81482
0.0269461 1.80731
0.0270558 1.79985
0.0271667 1.79242
0.0272777 1.78504
0.0273884 1.77769
0.0274998 1.77039
0.0276127 1.76312
0.0277244 1.75589
0.0278358 1.7487
0.0279492 1.74155
0.0280618 1.73444
0.0281737 1.72736
0.0282876 1.72032
0.0284017 1.71332
0.0285155 1.70635
0.0286295 1.69942
0.0287437 1.69252
0.0288589 1.68566
0.0289734 1.67884
0.029089 1.67205
0.0292053 1.66529
0.0293203 1.65857
0.0294365 1.65188
0.0295533 1.64522
0.0296698 1.6386
0.0297865 1.63201
0.0299039 1.62546
0.030022 1.61893
0.0301402 1.61244
0.0302581 1.60598
0.0303762 1.59955
0.0304955 1.59315
0.0306145 1.58678
0.0307342 1.58044
0.0308535 1.57414
0.0309736 1.56786
0.0310943 1.56161
0.0312148 1.55539
0.0313359 1.5492
0.0314568 1.54304
0.0315788 1.53691
0.031701 1.53081
0.0318235 1.52474
0.0319456 1.51869
0.032068 1.51267
0.0321916 1.50668
0.0323153 1.50072
0.0324393 1.49478
0.032563 1.48887
0.0326879 1.48299
0.032813 1.47713
0.0329374 1.4713
0.0330634 1.46549
0.0331892 1.45972
0.0333152 1.45396
0.0334419 1.44823
0.0335689 1.44253
0.0336965 1.43685
0.0338239 1.4312
0.0339511 1.42557
0.0340794 1.41996
0.0342085 1.41438
0.0343373 1.40883
0.0344664 1.40329
0.0345957 1.39778
0.0347263 1.3923
0.0348566 1.38683
0.0349871 1.38139
0.0351188 1.37597
0.0352499 1.37058
0.0353812 1.36521
0.0355137 1.35985
0.0356465 1.35453
0.035779 1.34922
0.0359123 1.34393
0.0360464 1.33867
0.0361802 1.33343
0.0363143 1.3282
0.0364491 1.323
0.0365847 1.31782
0.0367196 1.31267
0.0368558 1.30753
0.0369927 1.30241
0.0371289 1.29731
0.0372654 1.29223
0.0374032 1.28717
0.0375417 1.28213
0.0376795 1.27712
0.0378181 1.27212
0.0379575 1.26714
0.0380963 1.26217
0.0382362 1.25723
0.038377 1.25231
0.0385171 1.2474
0.0386585 1.24252
0.0387997 1.23765
0.0389412 1.2328
0.039084 1.22797
0.0392271 1.22315
0.03937 1.21836
0.0395132 1.21358
0.0396573 1.20882
0.0398022 1.20407
0.0399469 1.19935
0.0400919 1.19464
0.0402377 1.18994
0.0403839 1.18527
0.0405304 1.18061
0.0406768 1.17597
0.0408245 1.17134
0.040973 1.16673
0.0411214 1.16214
0.0412696 1.15757
0.0414191 1.153
0.0415691 1.14846
0.0417184 1.14393
0.041869 1.13942
0.04202 1.13492
0.0421718 1.13044
0.042324 1.12597
0.0424761 1.12152
0.0426291 1.11708
0.0427824 1.11266
0.0429361 1.10825
0.0430907 1.10386
0.0432457 1.09948
0.0434006 1.09512
0.0435563 1.09077
0.0437125 1.08644
0.0438695 1.08212
0.044027 1.07781
0.0441843 1.07352
0.0443426 1.06925
0.0445012 1.06498
0.0446603 1.06073
0.0448198 1.05649
0.0449802 1.05227
0.0451411 1.04806
0.0453024 1.04387
0.0454645 1.03968
0.0456262 1.03551
0.0457888 1.03136
0.0459528 1.02721
0.0461162 1.02308
0.0462807 1.01896
0.0464455 1.01486
0.0466113 1.01077
0.0467771 1.00669
0.0469429 1.00262
0.0471111 0.998563
0.0472783 0.99452
0.0474464 0.990489
0.0476156 0.98647
0.0477842 0.982463
0.0479538 0.978467
0.0481249 0.974484
0.048296 0.970513
0.0484671 0.966553
0.0486392 0.962605
0.0488118 0.958668
0.0489855 0.954742
0.0491596 0.950828
0.0493338 0.946926
0.0495085 0.943034
0.0496842 0.939153
0.0498605 0.935284
0.0500373 0.931425
0.0502152 0.927578
0.0503931 0.923741
0.050571 0.919915
0.0507506 0.916099
0.0509307 0.912294
0.0511118 0.9085
0.0512925 0.904716
0.0514739 0.900942
0.0516562 0.897179
0.0518397 0.893426
0.0520238 0.889683
0.052208 0.88595
0.0523928 0.882227
0.0525782 0.878514
0.0527652 0.874811
0.0529523 0.871117
0.0531396 0.867434
0.0533275 0.86376
0.0535171 0.860096
0.0537067 0.856441
0.0538961 0.852796
0.0540876 0.84916
0.0542802 0.845533
0.054473 0.841916
0.0546655 0.838308
0.0548592 0.834709
0.0550546 0.831119
0.0552491 0.827538
0.0554454 0.823966
0.0556423 0.820403
0.0558395 0.816849
0.0560384 0.813304
0.0562375 0.809767
0.0564374 0.806239
0.056638 0.80272
0.0568388 0.799209
0.0570409 0.795707
0.0572437 0.792213
0.0574468 0.788728
0.0576517 0.785251
0.0578574 0.781782
0.0580634 0.778321
0.0582696 0.774868
0.0584771 0.771424
0.058686 0.767987
0.0588952 0.764559
0.0591052 0.761139
0.0593161 0.757726
0.0595277 0.754321
0.0597403 0.750924
0.0599542 0.747535
0.0601684 0.744153
0.0603836 0.740779
0.0605991 0.737413
0.060816 0.734054
0.0610348 0.730702
0.061253 0.727358
0.0614727 0.724021
0.0616932 0.720692
0.0619142 0.71737
0.0621372 0.714055
0.0623606 0.710747
0.0625845 0.707447
0.0628093 0.704153
0.0630356 0.700866
0.063263 0.697587
0.0634913 0.694314
0.0637201 0.691048
0.06395 0.687789
0.0641814 0.684537
0.0644128 0.681292
0.0646463 0.678053
0.0648809 0.674821
0.065115 0.671595
0.0653512 0.668376
0.0655891 0.665164
0.065827 0.661958
0.0660671 0.658758
0.0663073 0.655565
0.0665481 0.652378
0.0667911 0.649198
0.0670348 0.646023
0.0672791 0.642855
0.0675252 0.639693
0.067773 0.636537
0.0680215 0.633388
0.0682707 0.630244
0.0685206 0.627106
0.0687728 0.623975
0.0690263 0.620849
0.0692795 0.617729
0.0695351 0.614615
0.0697926 0.611506
0.0700497 0.608404
0.0703093 0.605307
0.0705698 0.602215
0.0708305 0.59913
0.0710942 0.59605
0.0713583 0.592975
0.0716243 0.589907
0.0718918 0.586843
0.0721591 0.583785
0.072429 0.580733
0.0727004 0.577685
0.0729725 0.574643
0.0732467 0.571607
0.0735221 0.568576
0.0737988 0.565549
0.0740766 0.562528
0.0743562 0.559513
0.074638 0.556502
0.0749206 0.553496
0.0752049 0.550496
0.0754901 0.5475
0.0757772 0.54451
0.0760663 0.541524
0.0763572 0.538543
0.0766495 0.535567
0.0769428 0.532596
0.0772377 0.52963
0.0775352 0.526668
0.0778342 0.523711
0.0781341 0.520759
0.0784364 0.517811
0.07874 0.514869
0.0790459 0.51193
0.0793541 0.508996
0.0796631 0.506067
0.0799736 0.503143
0.0802867 0.500222
0.0806024 0.497306
0.0809191 0.494395
0.0812377 0.491488
0.0815581 0.488585
0.0818804 0.485686
0.0822059 0.482792
0.0825327 0.479902
0.0828615 0.477016
0.0831926 0.474135
0.0835249 0.471257
0.0838607 0.468384
0.0841984 0.465514
0.0845373 0.462649
0.084879 0.459788
0.0852235 0.45693
0.0855703 0.454077
0.0859184 0.451228
0.0862698 0.448382
0.0866233 0.44554
0.0869791 0.442703
0.087338 0.439869
0.087699 0.437038
0.0880623 0.434212
0.0884287 0.431389
0.0887977 0.42857
0.0891685 0.425754
0.0895426 0.422943
0.0899199 0.420134
0.0902998 0.41733
0.0906819 0.414529
0.0910671 0.411731
0.0914556 0.408937
0.091847 0.406146
0.0922415 0.403359
0.0926387 0.400575
0.0930391 0.397795
0.0934429 0.395018
0.0938499 0.392244
0.0942603 0.389473
0.0946734 0.386706
0.0950905 0.383942
0.0955108 0.381181
0.0959342 0.378424
0.0963623 0.375669
0.0967933 0.372918
0.0972281 0.37017
0.0976663 0.367425
0.0981084 0.364683
0.0985551 0.361944
0.0990052 0.359208
0.0994593 0.356475
0.0999179 0.353745
0.10038 0.351017
0.100847 0.348293
0.101318 0.345572
0.101793 0.342853
0.102274 0.340138
0.102758 0.337425
0.103248 0.334714
0.103741 0.332007
0.104241 0.329302
0.104745 0.3266
0.105254 0.323901
0.105768 0.321204
0.106288 0.31851
0.106812 0.315819
0.107343 0.31313
0.107879 0.310444
0.10842 0.30776
0.108968 0.305078
0.109521 0.3024
0.110081 0.299723
0.110647 0.297049
0.11122 0.294378
0.111799 0.291709
0.112384 0.289042
0.112976 0.286377
0.113575 0.283715
0.114182 0.281055
0.114796 0.278398
0.115416 0.275742
0.116046 0.273089
0.116682 0.270438
0.117327 0.267789
0.117981 0.265143
0.118642 0.262498
0.119312 0.259856
0.119991 0.257215
0.120679 0.254577
0.121376 0.251941
0.122083 0.249307
0.1228 0.246675
0.123527 0.244044
0.124264 0.241416
0.125012 0.238789
0.125771 0.236165
0.12654 0.233542
0.127322 0.230922
0.128116 0.228303
0.128921 0.225685
0.129739 0.22307
0.13057 0.220457
0.131415 0.217845
0.132273 0.215235
0.133145 0.212626
0.134032 0.210019
0.134934 0.207414
0.135852 0.204811
0.136785 0.202209
0.137734 0.199609
0.138702 0.19701
0.139686 0.194413
0.140689 0.191817
0.14171 0.189223
0.142752 0.186631
0.143812 0.18404
0.144894 0.18145
0.145998 0.178862
0.147124 0.176275
0.148273 0.173689
0.149447 0.171105
0.150645 0.168523
0.15187 0.165941
0.153122 0.163361
0.1544 0.160782
0.155709 0.158204
0.157049 0.155628
0.158419 0.153053
0.159823 0.150479
0.161262 0.147906
0.162736 0.145334
0.164248 0.142764
0.1658 0.140194
0.167392 0.137626
0.169028 0.135059
0.170709 0.132493
0.172437 0.129927
0.174215 0.127363
0.176046 0.1248
0.177931 0.122238
0.179874 0.119677
0.181879 0.117116
0.183948 0.114557
0.186085 0.111998
0.188294 0.109441
0.19058 0.106884
0.192947 0.104328
0.1954 0.101773
0.197944 0.0992183
0.200587 0.0966647
0.203333 0.0941118
0.206191 0.0915597
0.209169 0.0890082
0.212274 0.0864575
0.215518 0.0839074
0.21891 0.081358
0.222462 0.0788091
0.226188 0.0762609
0.230103 0.0737133
0.234223 0.0711663
0.238568 0.0686198
0.243159 0.0660738
0.248019 0.0635284
0.253177 0.0609834
0.258666 0.0584389
0.264521 0.0558948
0.270788 0.0533512
0.277515 0.050808
0.284764 0.0482652
0.292606 0.0457228
0.301126 0.0431807
0.31043 0.0406389
0.320646 0.0380975
0.331935 0.0355563
0.344498 0.0330154
0.358596 0.0304748
0.374572 0.0279344
0.392884 0.0253942
0.414164 0.0228543
0.439314 0.0203144
0.469671 0.0177748
0.507326 0.0152353
0.55577 0.0126959
0.621389 0.0101566
0.717537 0.00761738
0.878815 0.00507822
1.24285 0.0025391
0.999728

Running program with n=8, m=1600, filename=../data/Adam/SK_8n, start_point=1780, problems=2
0.000678742 1251.18
0.000971246 625.59
0.00118491 417.059
0.00137355 312.794
0.00153924 250.234
0.00168876 208.528
0.00182005 178.737
0.00193684 156.394
0.00205232 139.017
0.00216165 125.114
0.00227536 113.739
0.00237906 104.26
0.00246955 96.2395
0.0025654 89.3645
0.0026578 83.4061
0.0027391 78.1924
0.00282583 73.5921
0.00290997 69.5028
0.00299175 65.844
0.00306778 62.551
0.00314196 59.5716
0.00321785 56.863
0.00329199 54.3899
0.00335797 52.1229
0.00342588 50.0372
0.00349874 48.1119
0.00356397 46.3292
0.00362803 44.6738
0.00369097 43.1325
0.00375578 41.694
0.00381949 40.3482
0.0038765 39.0866
0.00393826 37.9013
0.00400181 36.7858
0.00405896 35.734
0.00411798 34.7406
0.00417355 33.8009
0.00422838 32.9106
0.00428251 32.0659
0.00433596 31.2635
0.00439126 30.5002
0.00444588 29.7732
0.00449983 29.08
0.00454832 28.4183
0.00460107 27.786
0.00465558 27.1811
0.00470246 26.602
0.00475119 26.047
0.00480171 25.5146
0.00485171 25.0035
0.00489896 24.5125
0.00494575 24.0403
0.00499431 23.5859
0.00504239 23.1483
0.00508787 22.7267
0.00513508 22.32
0.00518186 21.9277
0.00522612 21.5488
0.00526793 21.1828
0.00531148 20.8289
0.00535877 20.4867
0.00540361 20.1554
0.00544607 19.8347
0.0054902 19.524
0.00553398 19.2228
0.00557545 18.9308
0.00561661 18.6474
0.00565747 18.3724
0.00569997 18.1054
0.00574215 17.8459
0.00578402 17.5938
0.00582371 17.3486
0.00586313 17.1102
0.00590229 16.8781
0.00594303 16.6523
0.0059835 16.4324
0.00602187 16.2182
0.00606362 16.0095
0.00610149 15.806
0.00613913 15.6076
0.00617831 15.4141
0.00621548 15.2254
0.00625594 15.0411
0.00629265 14.8613
0.00632915 14.6856
0.00636889 14.5141
0.00640324 14.3464
0.00643911 14.1826
0.00647648 14.0225
0.00651363 13.8659
0.00655225 13.7127
0.00658565 13.5628
0.00662053 13.4162
0.00665853 13.2727
0.00669303 13.1322
0.00672899 12.9946
0.00676476 12.8598
0.00679872 12.7278
0.00683412 12.5984
0.00686775 12.4716
0.00690279 12.3474
0.00693766 12.2255
0.00697236 12.106
0.00700532 11.9888
0.00703812 11.8738
0.00707388 11.761
0.00710637 11.6503
0.00713871 11.5416
0.00717396 11.4349
0.007206 11.3302
0.00723789 11.2273
0.00727266 11.1263
0.00730427 11.027
0.00733723 10.9295
0.00737005 10.8336
0.00739975 10.7394
0.00743229 10.6468
0.00746616 10.5558
0.00749841 10.4663
0.00753052 10.3783
0.00756105 10.2917
0.00759146 10.2066
0.00762318 10.1228
0.00765477 10.0403
0.00768765 9.95922
0.00771756 9.87937
0.00774593 9.80078
0.00777984 9.72341
0.00780939 9.64723
0.00783884 9.57222
0.00787095 9.49835
0.00790155 9.42559
0.00793203 9.35392
0.00795964 9.28331
0.0079899 9.21375
0.00802142 9.1452
0.00805144 9.07764
0.00808136 9.01106
0.00810981 8.94543
0.00813951 8.88073
0.00816911 8.81695
0.00819726 8.75405
0.00822531 8.69203
0.00825725 8.63087
0.00828642 8.57054
0.00831286 8.51104
0.00834446 8.45234
0.00837071 8.39443
0.00839949 8.33729
0.00843208 8.2809
0.00845676 8.22526
0.00848395 8.17034
0.00851492 8.11614
0.00854322 8.06263
0.00857014 8.00981
0.00859697 7.95766
0.008625 7.90618
0.00865546 7.85533
0.0086833 7.80513
0.00870979 7.75554
0.00873619 7.70657
0.00876377 7.65819
0.00879376 7.61041
0.00881991 7.5632
0.00884723 7.51656
0.00887447 7.47047
0.00890038 7.42494
0.00892868 7.37994
0.00895689 7.33547
0.00898257 7.29151
0.0090094 7.24807
0.00903614 7.20512
0.0090616 7.16267
0.00909061 7.1207
0.00911831 7.07921
0.00914114 7.03818
0.0091675 6.99762
0.00919617 6.9575
0.00922119 6.91783
0.00924851 6.87859
0.00927456 6.83978
0.00930054 6.8014
0.00932763 6.76343
0.00935229 6.72587
0.00937806 6.68871
0.00940376 6.65194
0.00943055 6.61556
0.0094561 6.57957
0.00948159 6.54395
0.00950816 6.50871
0.0095335 6.47383
0.00955763 6.4393
0.00958285 6.40513
0.00960914 6.37131
0.00963536 6.33784
0.00965923 6.30469
0.00968305 6.27189
0.00971133 6.23941
0.00973615 6.20725
0.00975865 6.17541
0.00978559 6.14388
0.00981134 6.11266
0.00983479 6.08174
0.00985929 6.05112
0.00988596 6.0208
0.00991034 5.99077
0.00993356 5.96102
0.00995782 5.93156
0.00998312 5.90237
0.0100084 5.87346
0.0100313 5.84482
0.0100576 5.81644
0.0100826 5.78833
0.0101054 5.76047
0.0101282 5.73287
0.010152 5.70553
0.010179 5.67843
0.0102037 5.65157
0.0102263 5.62496
0.0102488 5.59859
0.0102734 5.57245
0.010299 5.54654
0.0103234 5.52086
0.0103457 5.49541
0.010369 5.47018
0.0103944 5.44517
0.0104186 5.42037
0.0104407 5.39579
0.0104638 5.37143
0.0104879 5.34726
0.0105119 5.32331
0.0105359 5.29956
0.0105577 5.27601
0.0105826 5.25265
0.0106064 5.22949
0.0106271 5.20653
0.0106518 5.18375
0.0106765 5.16116
0.0106991 5.13876
0.0107226 5.11654
0.0107451 5.09451
0.0107676 5.07265
0.01079 5.05096
0.0108133 5.02946
0.0108376 5.00812
0.0108609 4.98695
0.0108821 4.96596
0.0109042 4.94513
0.0109283 4.92446
0.0109524 4.90395
0.0109744 4.88361
0.0109964 4.86342
0.0110183 4.84339
0.0110412 4.82351
0.011065 4.80379
0.0110878 4.78421
0.0111105 4.76479
0.0111322 4.74551
0.0111548 4.72638
0.0111774 4.7074
0.011199 4.68855
0.0112205 4.66985
0.011244 4.65128
0.0112673 4.63286
0.0112887 4.61457
0.0113101 4.59641
0.0113334 4.57839
0.0113556 4.56049
0.0113768 4.54273
0.011399 4.5251
0.011422 4.50759
0.0114451 4.49021
0.0114642 4.47295
0.0114872 4.45582
0.011511 4.43881
0.011532 4.42191
0.0115529 4.40514
0.0115737 4.38848
0.0115974 4.37195
0.0116191 4.35552
0.0116399 4.33921
0.0116625 4.32302
0.0116841 4.30693
0.0117047 4.29096
0.0117263 4.27509
0.0117487 4.25933
0.0117701 4.24368
0.0117925 4.22814
0.0118139 4.21269
0.0118343 4.19736
0.0118556 4.18212
0.0118787 4.16699
0.0118999 4.15196
0.0119192 4.13703
0.0119431 4.12219
0.0119642 4.10745
0.0119826 4.09281
0.0120045 4.07827
0.0120292 4.06382
0.0120474 4.04946
0.0120674 4.0352
0.0120919 4.02102
0.0121119 4.00694
0.0121327 3.99295
0.0121552 3.97905
0.0121751 3.96523
0.012194 3.9515
0.0122174 3.93786
0.0122398 3.92431
0.0122595 3.91084
0.0122783 3.89745
0.0122997 3.88415
0.0123219 3.87093
0.0123424 3.85779
0.0123637 3.84473
0.012385 3.83175
0.0124045 3.81885
0.0124248 3.80603
0.0124468 3.79328
0.0124671 3.78062
0.0124873 3.76803
0.0125092 3.75551
0.0125294 3.74307
0.0125495 3.73071
0.0125705 3.71842
0.0125914 3.7062
0.0126114 3.69405
0.0126314 3.68198
0.0126531 3.66997
0.012673 3.65804
0.0126929 3.64617
0.0127145 3.63438
0.0127352 3.62265
0.012755 3.61099
0.0127756 3.5994
0.0127953 3.58787
0.012815 3.57641
0.0128364 3.56502
0.0128578 3.55369
0.0128765 3.54242
0.0128969 3.53122
0.0129182 3.52008
0.0129377 3.509
0.012958 3.49799
0.0129775 3.48703
0.0129978 3.47614
0.0130188 3.46531
0.0130382 3.45454
0.0130575 3.44383
0.0130785 3.43317
0.0130995 3.42258
0.0131187 3.41204
0.0131379 3.40156
0.0131588 3.39113
0.0131796 3.38077
0.0131996 3.37045
0.0132187 3.3602
0.0132386 3.35
0.0132593 3.33985
0.0132783 3.32976
0.0132981 3.31972
0.0133179 3.30973
0.0133376 3.2998
0.0133582 3.28992
0.0133779 3.28009
0.0133983 3.27031
0.0134172 3.26058
0.0134368 3.25091
0.0134572 3.24128
0.0134767 3.2317
0.0134962 3.22218
0.0135157 3.2127
0.013536 3.20327
0.0135554 3.19389
0.0135748 3.18455
0.0135934 3.17527
0.0136144 3.16603
0.0136337 3.15684
0.013653 3.14769
0.0136739 3.13859
0.0136923 3.12953
0.0137123 3.12053
0.0137315 3.11156
0.0137507 3.10264
0.0137706 3.09376
0.0137897 3.08493
0.0138096 3.07614
0.0138286 3.0674
0.0138476 3.05869
0.0138674 3.05003
0.0138872 3.04141
0.0139069 3.03284
0.0139258 3.0243
0.0139455 3.01581
0.0139644 3.00735
0.0139824 2.99894
0.0140028 2.99057
0.0140224 2.98224
0.0140411 2.97394
0.0140614 2.96569
0.0140809 2.95748
0.0140988 2.9493
0.0141183 2.94116
0.0141385 2.93306
0.0141571 2.925
0.0141764 2.91698
0.014195 2.90899
0.0142143 2.90104
0.0142343 2.89313
0.0142528 2.88525
0.0142713 2.87741
0.0142905 2.86961
0.0143104 2.86184
0.0143296 2.85411
0.0143479 2.84641
0.014367 2.83875
0.0143853 2.83112
0.0144044 2.82353
0.0144257 2.81597
0.0144432 2.80844
0.0144614 2.80095
0.0144811 2.79349
0.0145 2.78607
0.0145189 2.77868
0.0145378 2.77132
0.0145581 2.76399
0.0145762 2.7567
0.0145943 2.74944
0.014613 2.74221
0.0146325 2.73501
0.0146513 2.72784
0.01467 2.7207
0.0146894 2.7136
0.0147073 2.70652
0.0147259 2.69948
0.0147453 2.69247
0.0147646 2.68548
0.0147825 2.67853
0.0148017 2.67161
0.014821 2.66471
0.0148387 2.65785
0.0148572 2.65101
0.0148771 2.6442
0.0148963 2.63743
0.0149139 2.63068
0.0149331 2.62395
0.0149507 2.61726
0.0149697 2.6106
0.0149895 2.60396
0.0150071 2.59735
0.0150253 2.59077
0.0150443 2.58421
0.0150632 2.57768
0.0150814 2.57118
0.0151003 2.5647
0.0151199 2.55826
0.0151373 2.55183
0.0151562 2.54544
0.015175 2.53907
0.0151923 2.53272
0.0152118 2.52641
0.0152298 2.52011
0.0152485 2.51384
0.0152679 2.5076
0.0152859 2.50138
0.0153038 2.49519
0.0153224 2.48902
0.015341 2.48288
0.0153596 2.47676
0.0153782 2.47067
0.015396 2.46459
0.0154152 2.45855
0.0154337 2.45252
0.0154507 2.44652
0.0154699 2.44055
0.015489 2.43459
0.0155067 2.42866
0.0155251 2.42276
0.0155435 2.41687
0.0155618 2.41101
0.0155801 2.40517
0.0155984 2.39935
0.0156167 2.39356
0.0156349 2.38779
0.0156532 2.38204
0.0156721 2.37631
0.0156903 2.3706
0.0157077 2.36492
0.0157266 2.35925
0.0157447 2.35361
0.0157635 2.34799
0.0157816 2.34239
0.0157989 2.33681
0.0158177 2.33125
0.0158364 2.32571
0.0158537 2.3202
0.0158724 2.3147
0.015891 2.30922
0.0159083 2.30377
0.0159269 2.29833
0.0159448 2.29291
0.015964 2.28752
0.0159812 2.28214
0.0159983 2.27678
0.0160189 2.27145
0.0160367 2.26613
0.0160538 2.26083
0.0160715 2.25555
0.0160899 2.25029
0.016109 2.24504
0.0161267 2.23982
0.0161437 2.23462
0.0161614 2.22943
0.0161804 2.22426
0.0161986 2.21911
0.0162162 2.21398
0.0162508 2.20887
0.0162885 2.20377
0.0163249 2.1987
0.016362 2.19364
0.0163984 2.1886
0.0164349 2.18357
0.0164734 2.17857
0.0165092 2.17358
0.0165464 2.1686
0.0165843 2.16365
0.0166208 2.15871
0.0166581 2.15379
0.0166947 2.14889
0.0167327 2.144
0.01677 2.13913
0.0168066 2.13428
0.0168454 2.12944
0.0168827 2.12462
0.0169188 2.11982
0.0169562 2.11503
0.0169943 2.11026
0.0170318 2.1055
0.01707 2.10076
0.0171075 2.09604
0.0171444 2.09133
0.0171819 2.08664
0.0172195 2.08196
0.0172578 2.0773
0.0172954 2.07266
0.017333 2.06802
0.0173714 2.06341
0.0174098 2.05881
0.0174475 2.05423
0.0174845 2.04966
0.017523 2.0451
0.0175608 2.04056
0.0175979 2.03604
0.0176371 2.03153
0.0176749 2.02703
0.0177135 2.02255
0.0177521 2.01808
0.0177893 2.01363
0.0178286 2.00919
0.0178666 2.00477
0.0179039 2.00036
0.0179433 1.99596
0.017982 1.99158
0.01802 1.98721
0.0180588 1.98286
0.0180969 1.97852
0.0181351 1.97419
0.0181739 1.96988
0.0182128 1.96558
0.0182523 1.9613
0.0182906 1.95703
0.0183288 1.95277
0.0183678 1.94852
0.0184068 1.94429
0.0184458 1.94007
0.0184841 1.93586
0.0185232 1.93167
0.0185623 1.92749
0.0186014 1.92332
0.0186398 1.91917
0.0186797 1.91503
0.0187195 1.9109
0.0187574 1.90678
0.0187973 1.90268
0.0188366 1.89858
0.0188758 1.89451
0.0189145 1.89044
0.0189545 1.88638
0.0189945 1.88234
0.0190326 1.87831
0.0190733 1.87429
0.0191128 1.87029
0.0191516 1.86629
0.0191911 1.86231
0.0192313 1.85834
0.0192708 1.85438
0.0193104 1.85043
0.01935 1.8465
0.0193889 1.84258
0.01943 1.83866
0.0194703 1.83476
0.01951 1.83087
0.0195498 1.827
0.0195888 1.82313
0.01963 1.81927
0.0196712 1.81543
0.0197097 1.8116
0.0197495 1.80777
0.0197908 1.80396
0.0198314 1.80016
0.019872 1.79637
0.0199113 1.7926
0.0199513 1.78883
0.0199928 1.78507
0.0200328 1.78133
0.0200722 1.77759
0.020113 1.77387
0.0201539 1.77015
0.0201954 1.76645
0.020237 1.76276
0.0202765 1.75907
0.0203168 1.7554
0.0203578 1.75174
0.0203974 1.74809
0.0204392 1.74445
0.0204816 1.74081
0.0205227 1.73719
0.0205631 1.73358
0.0206029 1.72998
0.0206441 1.72639
0.020686 1.72281
0.0207272 1.71923
0.0207685 1.71567
0.0208098 1.71212
0.0208511 1.70858
0.0208925 1.70505
0.0209339 1.70152
0.0209746 1.69801
0.0210168 1.6945
0.0210589 1.69101
0.0210991 1.68752
0.0211413 1.68405
0.0211836 1.68058
0.0212252 1.67713
0.0212668 1.67368
0.0213078 1.67024
0.0213502 1.66681
0.0213926 1.66339
0.0214337 1.65998
0.0214762 1.65658
0.0215187 1.65318
0.0215606 1.6498
0.0216018 1.64642
0.0216444 1.64306
0.0216877 1.6397
0.021729 1.63635
0.021771 1.63301
0.0218131 1.62968
0.0218565 1.62636
0.0218987 1.62304
0.0219408 1.61974
0.0219844 1.61644
0.0220266 1.61315
0.0220688 1.60987
0.0221111 1.6066
0.0221548 1.60334
0.0221972 1.60008
0.0222396 1.59683
0.0222827 1.5936
0.0223258 1.59037
0.022369 1.58714
0.0224115 1.58393
0.0224547 1.58072
0.022498 1.57753
0.0225406 1.57434
0.022584 1.57116
0.022628 1.56798
0.0226715 1.56482
0.0227142 1.56166
0.022757 1.55851
0.0228012 1.55537
0.0228448 1.55223
0.0228884 1.54911
0.0229313 1.54599
0.0229743 1.54288
0.0230194 1.53978
0.0230631 1.53668
0.0231062 1.53359
0.0231507 1.53051
0.0231952 1.52744
0.0232377 1.52437
0.0232816 1.52132
0.0233269 1.51827
0.0233709 1.51522
0.023415 1.51219
0.0234583 1.50916
0.0235024 1.50614
0.0235473 1.50312
0.0235914 1.50012
0.0236356 1.49712
0.0236806 1.49412
0.0237249 1.49114
0.0237692 1.48816
0.0238149 1.48519
0.0238593 1.48223
0.0239031 1.47927
0.0239482 1.47632
0.0239935 1.47338
0.024038 1.47044
0.0240833 1.46751
0.0241279 1.46459
0.0241726 1.46167
0.024218 1.45877
0.0242627 1.45586
0.0243082 1.45297
0.0243531 1.45008
0.0243986 1.4472
0.0244442 1.44432
0.0244892 1.44146
0.0245348 1.43859
0.0245806 1.43574
0.0246263 1.43289
0.0246714 1.43005
0.0247173 1.42721
0.0247631 1.42438
0.0248084 1.42156
0.0248543 1.41874
0.0249003 1.41593
0.0249464 1.41313
0.0249925 1.41033
0.0250379 1.40754
0.0250841 1.40476
0.025131 1.40198
0.0251773 1.39921
0.0252229 1.39644
0.0252692 1.39368
0.0253156 1.39093
0.025362 1.38818
0.0254092 1.38544
0.0254557 1.3827
0.0255009 1.37997
0.0255475 1.37725
0.0255955 1.37453
0.0256422 1.37182
0.0256889 1.36911
0.0257357 1.36641
0.0257825 1.36372
0.0258287 1.36103
0.0258763 1.35835
0.0259246 1.35568
0.0259709 1.353
0.0260173 1.35034
0.026065 1.34768
0.0261129 1.34503
0.0261593 1.34238
0.0262073 1.33974
0.0262559 1.3371
0.0263032 1.33447
0.0263499 1.33185
0.0263973 1.32923
0.0264455 1.32661
0.026493 1.32401
0.0265412 1.3214
0.0265895 1.31881
0.0266364 1.31621
0.0266855 1.31363
0.0267332 1.31105
0.026781 1.30847
0.0268295 1.3059
0.0268781 1.30334
0.0269267 1.30078
0.026974 1.29822
0.0270234 1.29567
0.0270715 1.29313
0.0271196 1.29059
0.0271692 1.28806
0.0272181 1.28553
0.0272663 1.28301
0.0273147 1.28049
0.0273637 1.27798
0.0274128 1.27547
0.0274627 1.27297
0.0275112 1.27047
0.0275598 1.26798
0.0276098 1.26549
0.0276584 1.26301
0.0277078 1.26053
0.0277573 1.25806
0.0278068 1.2556
0.0278564 1.25313
0.0279053 1.25068
0.0279557 1.24822
0.0280047 1.24578
0.0280545 1.24334
0.028105 1.2409
0.0281542 1.23846
0.0282048 1.23604
0.0282548 1.23361
0.0283048 1.2312
0.0283549 1.22878
0.0284044 1.22637
0.028456 1.22397
0.0285062 1.22157
0.0285551 1.21917
0.0286069 1.21678
0.0286573 1.2144
0.0287071 1.21202
0.0287583 1.20964
0.0288096 1.20727
0.0288602 1.2049
0.0289102 1.20254
0.0289616 1.20018
0.0290124 1.19783
0.029064 1.19548
0.0291156 1.19314
0.0291659 1.1908
0.0292169 1.18846
0.0292687 1.18613
0.0293205 1.1838
0.0293717 1.18148
0.0294237 1.17916
0.0294743 1.17685
0.0295256 1.17454
0.0295792 1.17224
0.0296307 1.16994
0.0296822 1.16764
0.0297331 1.16535
0.0297855 1.16306
0.0298386 1.16078
0.0298904 1.1585
0.0299422 1.15622
0.0299941 1.15395
0.0300468 1.15168
0.0300988 1.14942
0.0301523 1.14716
0.0302051 1.14491
0.0302573 1.14266
0.0303103 1.14041
0.0303626 1.13817
0.030415 1.13593
0.0304682 1.1337
0.0305221 1.13147
0.0305753 1.12924
0.030628 1.12702
0.0306807 1.12481
0.0307341 1.12259
0.0307877 1.12038
0.0308413 1.11818
0.0308949 1.11597
0.0309486 1.11378
0.0310017 1.11158
0.0310563 1.10939
0.0311102 1.10721
0.0311627 1.10502
0.0312175 1.10285
0.0312716 1.10067
0.0313258 1.0985
0.03138 1.09633
0.0314336 1.09417
0.031488 1.09201
0.0315424 1.08986
0.0315969 1.0877
0.0316522 1.08556
0.0317068 1.08341
0.0317608 1.08127
0.0318163 1.07913
0.0318712 1.077
0.0319261 1.07487
0.0319804 1.07274
0.0320354 1.07062
0.0320912 1.0685
0.0321471 1.06639
0.0322024 1.06428
0.0322563 1.06217
0.0323124 1.06006
0.0323686 1.05796
0.0324241 1.05587
0.0324797 1.05377
0.0325354 1.05168
0.0325912 1.0496
0.0326477 1.04751
0.0327036 1.04543
0.0327589 1.04336
0.0328156 1.04128
0.0328724 1.03921
0.0329279 1.03715
0.0329842 1.03509
0.0330412 1.03303
0.0330984 1.03097
0.0331555 1.02892
0.0332121 1.02687
0.0332687 1.02483
0.0333255 1.02278
0.0333815 1.02074
0.0334391 1.01871
0.0334968 1.01668
0.0335538 1.01465
0.0336109 1.01262
0.0336687 1.0106
0.0337267 1.00858
0.033784 1.00656
0.0338407 1.00455
0.0338989 1.00254
0.0339579 1.00054
0.0340155 0.998534
0.0340732 0.996534
0.0341317 0.994538
0.0341896 0.992544
0.0342469 0.990554
0.0343063 0.988567
0.0343651 0.986583
0.0344233 0.984602
0.0344816 0.982625
0.03454 0.98065
0.0345999 0.978679
0.0346584 0.97671
0.034717 0.974745
0.0347771 0.972783
0.0348366 0.970823
0.0348947 0.968867
0.0349537 0.966914
0.0350134 0.964964
0.0350732 0.963017
0.0351331 0.961073
0.0351924 0.959131
0.0352525 0.957193
0.035312 0.955258
0.0353715 0.953326
0.0354326 0.951396
0.035493 0.94947
0.0355528 0.947547
0.0356127 0.945626
0.0356734 0.943708
0.0357349 0.941794
0.035795 0.939882
0.0358552 0.937973
0.0359156 0.936067
0.0359767 0.934163
0.0360394 0.932263
0.0360993 0.930365
0.0361599 0.92847
0.0362222 0.926578
0.036283 0.924689
0.0363454 0.922803
0.0364065 0.920919
0.0364669 0.919038
0.0365296 0.91716
0.0365924 0.915285
0.0366538 0.913412
0.0367153 0.911542
0.0367777 0.909675
0.0368394 0.907811
0.0369019 0.905949
0.0369653 0.90409
0.037028 0.902233
0.0370901 0.90038
0.0371523 0.898529
0.037216 0.89668
0.0372784 0.894835
0.0373416 0.892992
0.037405 0.891151
0.0374676 0.889313
0.0375319 0.887478
0.0375955 0.885645
0.0376585 0.883815
0.0377223 0.881988
0.0377862 0.880163
0.0378495 0.878341
0.0379143 0.876521
0.0379778 0.874704
0.0380414 0.872889
0.0381065 0.871077
0.0381703 0.869267
0.0382357 0.86746
0.0383004 0.865656
0.0383646 0.863854
0.0384295 0.862054
0.0384938 0.860257
0.0385597 0.858462
0.038625 0.85667
0.0386889 0.85488
0.0387551 0.853093
0.0388214 0.851308
0.0388857 0.849526
0.0389515 0.847746
0.0390174 0.845968
0.0390834 0.844193
0.0391496 0.84242
0.0392158 0.84065
0.0392822 0.838882
0.0393479 0.837116
0.0394152 0.835353
0.0394819 0.833592
0.0395473 0.831833
0.0396142 0.830077
0.039682 0.828323
0.0397491 0.826571
0.0398164 0.824822
0.039883 0.823075
0.0399505 0.82133
0.0400182 0.819588
0.0400851 0.817847
0.040153 0.81611
0.040221 0.814374
0.0402891 0.812641
0.0403573 0.81091
0.0404256 0.809181
0.0404941 0.807454
0.0405619 0.80573
0.0406306 0.804007
0.0406987 0.802288
0.0407676 0.80057
0.0408374 0.798854
0.0409058 0.797141
0.0409752 0.79543
0.0410438 0.793721
0.0411141 0.792014
0.0411838 0.790309
0.0412522 0.788607
0.0413221 0.786906
0.0413929 0.785208
0.0414631 0.783512
0.0415327 0.781818
0.0416031 0.780126
0.0416737 0.778436
0.0417437 0.776748
0.0418138 0.775063
0.0418848 0.773379
0.0419559 0.771698
0.0420278 0.770019
0.0420992 0.768341
0.0421692 0.766666
0.0422401 0.764993
0.0423126 0.763322
0.0423838 0.761653
0.0424559 0.759986
0.042528 0.758321
0.0426004 0.756657
0.0426721 0.754996
0.0427432 0.753338
0.0428174 0.75168
0.0428903 0.750025
0.0429618 0.748372
0.0430342 0.746721
0.0431083 0.745072
0.0431817 0.743425
0.0432546 0.74178
0.0433276 0.740137
0.0434007 0.738496
0.0434747 0.736856
0.0435489 0.735219
0.043624 0.733583
0.0436977 0.73195
0.0437708 0.730318
0.0438455 0.728688
0.0439204 0.72706
0.0439947 0.725434
0.0440692 0.72381
0.0441446 0.722188
0.0442201 0.720568
0.044295 0.718949
0.04437 0.717333
0.044446 0.715718
0.0445214 0.714105
0.0445977 0.712494
0.0446734 0.710885
0.0447492 0.709277
0.044826 0.707672
0.0449014 0.706068
0.0449777 0.704466
0.0450549 0.702866
0.0451331 0.701268
0.0452099 0.699671
0.0452861 0.698076
0.045364 0.696483
0.0454413 0.694892
0.0455187 0.693302
0.0455971 0.691715
0.0456749 0.690129
0.0457528 0.688545
0.0458302 0.686962
0.0459085 0.685381
0.0459885 0.683802
0.0460671 0.682225
0.0461451 0.68065
0.0462241 0.679076
0.0463048 0.677504
0.0463841 0.675933
0.0464621 0.674364
0.0465417 0.672797
0.0466231 0.671232
0.0467032 0.669668
0.0467826 0.668106
0.046863 0.666546
0.0469435 0.664987
0.0470243 0.66343
0.0471044 0.661875
0.0471855 0.660321
0.0472676 0.658769
0.0473491 0.657219
0.0474307 0.65567
0.0475118 0.654123
0.047593 0.652577
0.047676 0.651033
0.0477585 0.649491
0.0478403 0.64795
0.0479231 0.646411
0.0480061 0.644873
0.04809 0.643337
0.0481734 0.641803
0.0482546 0.64027
0.0483384 0.638739
0.0484223 0.637209
0.0485057 0.635681
0.0485916 0.634154
0.0486754 0.632629
0.0487586 0.631105
0.0488435 0.629583
0.0489279 0.628063
0.0490133 0.626544
0.0490988 0.625027
0.0491846 0.623511
0.0492698 0.621996
0.0493544 0.620484
0.0494408 0.618972
0.0495267 0.617462
0.0496127 0.615954
0.0497005 0.614447
0.049787 0.612942
0.0498737 0.611438
0.0499606 0.609935
0.0500477 0.608434
0.050135 0.606935
0.0502233 0.605436
0.0503119 0.60394
0.0503991 0.602445
0.0504873 0.600951
0.0505757 0.599458
0.0506636 0.597968
0.0507533 0.596478
0.0508432 0.59499
0.0509317 0.593503
0.0510213 0.592018
0.0511111 0.590534
0.0512004 0.589052
0.0512914 0.587571
0.0513828 0.586091
0.0514719 0.584613
0.0515629 0.583136
0.0516541 0.58166
0.0517447 0.580186
0.0518369 0.578713
0.0519284 0.577242
0.0520202 0.575772
0.0521126 0.574303
0.0522041 0.572836
0.052297 0.57137
0.052391 0.569905
0.0524832 0.568442
0.0525761 0.56698
0.0526701 0.565519
0.0527639 0.56406
0.0528579 0.562602
0.0529514 0.561145
0.053046 0.55969
0.0531412 0.558236
0.0532363 0.556783
0.0533308 0.555331
0.0534265 0.553881
0.0535228 0.552432
0.0536177 0.550984
0.0537137 0.549538
0.0538104 0.548093
0.0539066 0.546649
0.0540034 0.545206
0.0541009 0.543765
0.0541983 0.542325
0.054296 0.540886
0.054394 0.539448
0.0544922 0.538012
0.0545899 0.536577
0.0546891 0.535143
0.0547878 0.53371
0.0548868 0.532279
0.0549864 0.530848
0.0550856 0.529419
0.0551858 0.527991
0.055286 0.526565
0.0553864 0.525139
0.0554876 0.523715
0.0555882 0.522292
0.0556892 0.52087
0.0557917 0.51945
0.0558932 0.51803
0.0559946 0.516612
0.0560972 0.515195
0.0562006 0.513779
0.0563038 0.512364
0.0564065 0.51095
0.0565103 0.509538
0.0566141 0.508126
0.0567181 0.506716
0.0568225 0.505307
0.0569272 0.503899
0.0570323 0.502492
0.0571377 0.501087
0.0572438 0.499682
0.0573486 0.498279
0.057455 0.496876
0.0575617 0.495475
0.0576684 0.494075
0.0577762 0.492676
0.0578835 0.491278
0.0579912 0.489882
0.0580992 0.488486
0.0582067 0.487091
0.0583159 0.485698
0.0584258 0.484305
0.058534 0.482914
0.0586438 0.481524
0.0587544 0.480135
0.058865 0.478746
0.0589759 0.477359
0.0590863 0.475973
0.0591975 0.474588
0.0593086 0.473204
0.059421 0.471822
0.0595343 0.47044
0.0596461 0.469059
0.0597592 0.467679
0.0598732 0.466301
0.0599866 0.464923
0.0601005 0.463546
0.0602152 0.462171
0.0603307 0.460796
0.0604453 0.459422
0.0605603 0.45805
0.0606762 0.456678
0.0607929 0.455307
0.0609095 0.453938
0.0610266 0.452569
0.0611441 0.451202
0.0612612 0.449835
0.0613791 0.448469
0.0614987 0.447105
0.0616179 0.445741
0.0617367 0.444378
0.0618567 0.443016
0.0619763 0.441656
0.0620968 0.440296
0.0622178 0.438937
0.0623387 0.437579
0.062461 0.436222
0.0625833 0.434866
0.0627056 0.433511
0.0628288 0.432157
0.0629516 0.430804
0.0630753 0.429451
0.0632003 0.4281
0.0633245 0.426749
0.0634492 0.4254
0.0635752 0.424051
0.0637017 0.422704
0.0638278 0.421357
0.0639539 0.420011
0.0640806 0.418666
0.0642086 0.417322
0.0643385 0.415979
0.0644666 0.414637
0.0645948 0.413295
0.0647244 0.411955
0.064854 0.410615
0.0649847 0.409276
0.0651163 0.407938
0.065248 0.406601
0.0653793 0.405265
0.0655116 0.40393
0.0656448 0.402596
0.0657787 0.401262
0.0659117 0.399929
0.0660461 0.398598
0.0661816 0.397267
0.0663163 0.395937
0.0664529 0.394607
0.0665891 0.393279
0.0667255 0.391951
0.0668638 0.390624
0.0670013 0.389298
0.0671394 0.387973
0.0672786 0.386649
0.0674188 0.385326
0.0675596 0.384003
0.0676991 0.382681
0.0678402 0.38136
0.0679829 0.38004
0.0681252 0.37872
0.0682677 0.377402
0.0684108 0.376084
0.0685554 0.374767
0.0687003 0.37345
0.0688453 0.372135
0.0689914 0.37082
0.0691378 0.369506
0.0692847 0.368193
0.0694319 0.366881
0.0695802 0.365569
0.0697301 0.364258
0.0698798 0.362948
0.0700292 0.361639
0.0701798 0.36033
0.0703315 0.359022
0.0704835 0.357715
0.0706357 0.356409
0.0707896 0.355103
0.0709442 0.353799
0.0710985 0.352495
0.0712536 0.351191
0.0714095 0.349889
0.0715665 0.348587
0.0717244 0.347285
0.071882 0.345985
0.0720404 0.344685
0.072201 0.343386
0.0723614 0.342088
0.0725216 0.34079
0.0726831 0.339493
0.072846 0.338197
0.0730096 0.336902
0.073173 0.335607
0.0733378 0.334313
0.0735039 0.33302
0.0736698 0.331727
0.0738366 0.330435
0.0740047 0.329143
0.0741727 0.327853
0.0743425 0.326563
0.0745133 0.325273
0.0746834 0.323985
0.0748564 0.322697
0.0750288 0.32141
0.0752011 0.320123
0.0753769 0.318837
0.0755521 0.317552
0.0757276 0.316267
0.0759052 0.314983
0.0760832 0.313699
0.0762612 0.312417
0.0764406 0.311135
0.076622 0.309853
0.0768034 0.308572
0.0769858 0.307292
0.0771692 0.306012
0.0773531 0.304734
0.0775391 0.303455
0.0777256 0.302177
0.0779121 0.3009
0.0781002 0.299624
0.0782899 0.298348
0.0784807 0.297073
0.0786715 0.295798
0.0788629 0.294524
0.0790565 0.293251
0.0792512 0.291978
0.0794465 0.290706
0.0796435 0.289434
0.0798411 0.288163
0.0800393 0.286892
0.0802393 0.285622
0.08044 0.284353
0.0806424 0.283084
0.080846 0.281816
0.0810498 0.280549
0.0812554 0.279281
0.0814627 0.278015
0.0816703 0.276749
0.0818792 0.275484
0.0820899 0.274219
0.0823009 0.272955
0.0825137 0.271691
0.0827285 0.270428
0.0829435 0.269165
0.083161 0.267903
0.0833793 0.266642
0.0835968 0.265381
0.0838186 0.26412
0.0840412 0.26286
0.0842636 0.261601
0.0844892 0.260342
0.0847154 0.259084
0.0849426 0.257826
0.0851721 0.256569
0.0854026 0.255312
0.0856342 0.254056
0.0858678 0.2528
0.0861034 0.251545
0.0863397 0.25029
0.0865774 0.249036
0.0868176 0.247782
0.0870587 0.246529
0.0873017 0.245276
0.0875467 0.244024
0.0877924 0.242772
0.0880403 0.241521
0.0882904 0.24027
0.0885416 0.23902
0.0887947 0.23777
0.0890488 0.23652
0.0893057 0.235271
0.0895644 0.234023
0.0898245 0.232775
0.0900863 0.231528
0.0903503 0.230281
0.0906166 0.229034
0.0908837 0.227788
0.0911538 0.226542
0.0914254 0.225297
0.0916997 0.224052
0.0919756 0.222808
0.0922527 0.221564
0.0925329 0.220321
0.092815 0.219078
0.0930994 0.217835
0.0933858 0.216593
0.0936745 0.215351
0.0939656 0.21411
0.0942593 0.212869
0.0945542 0.211629
0.0948513 0.210389
0.0951524 0.209149
0.0954555 0.20791
0.0957598 0.206671
0.0960677 0.205433
0.0963782 0.204195
0.0966908 0.202957
0.097006 0.20172
0.0973241 0.200483
0.0976449 0.199247
0.0979683 0.198011
0.0982942 0.196776
0.098623 0.19554
0.0989555 0.194306
0.0992903 0.193071
0.0996279 0.191837
0.0999686 0.190604
0.100312 0.18937
0.100659 0.188137
0.101009 0.186905
0.101362 0.185673
0.101719 0.184441
0.102079 0.18321
0.102442 0.181978
0.102808 0.180748
0.103179 0.179517
0.103552 0.178287
0.103929 0.177058
0.104311 0.175828
0.104695 0.174599
0.105083 0.173371
0.105476 0.172143
0.105871 0.170915
0.106271 0.169687
0.106676 0.16846
0.107084 0.167233
0.107497 0.166006
0.107915 0.16478
0.108335 0.163554
0.108762 0.162328
0.109192 0.161103
0.109626 0.159878
0.110066 0.158653
0.110511 0.157429
0.11096 0.156205
0.111415 0.154981
0.111875 0.153758
0.112339 0.152535
0.112809 0.151312
0.113285 0.150089
0.113766 0.148867
0.114253 0.147645
0.114745 0.146423
0.115242 0.145202
0.115747 0.143981
0.116258 0.14276
0.116775 0.141539
0.117298 0.140319
0.117827 0.139099
0.118363 0.137879
0.118907 0.13666
0.119457 0.13544
0.120014 0.134221
0.120579 0.133003
0.121151 0.131784
0.121731 0.130566
0.122319 0.129348
0.122914 0.128131
0.123517 0.126913
0.12413 0.125696
0.124751 0.124479
0.125381 0.123262
0.126019 0.122046
0.126668 0.12083
0.127325 0.119614
0.127992 0.118398
0.12867 0.117183
0.129357 0.115967
0.130055 0.114752
0.130764 0.113537
0.131484 0.112323
0.132215 0.111108
0.132958 0.109894
0.133713 0.10868
0.134481 0.107467
0.135261 0.106253
0.136054 0.10504
0.136861 0.103826
0.137682 0.102614
0.138517 0.101401
0.139367 0.100188
0.140232 0.0989759
0.141112 0.0977638
0.142009 0.0965518
0.142922 0.09534
0.143853 0.0941285
0.144801 0.092917
0.145768 0.0917058
0.146753 0.0904948
0.147758 0.0892839
0.148784 0.0880732
0.14983 0.0868626
0.150898 0.0856523
0.151989 0.0844421
0.153102 0.0832321
0.15424 0.0820222
0.155403 0.0808125
0.156592 0.0796029
0.157807 0.0783935
0.159051 0.0771842
0.160324 0.0759751
0.161627 0.0747662
0.162963 0.0735574
0.16433 0.0723487
0.165731 0.0711402
0.167169 0.0699318
0.168644 0.0687235
0.170158 0.0675154
0.171712 0.0663074
0.17331 0.0650995
0.174951 0.0638918
0.17664 0.0626841
0.178378 0.0614766
0.180166 0.0602693
0.182009 0.059062
0.183909 0.0578549
0.185869 0.0566478
0.187891 0.0554409
0.189981 0.0542341
0.192141 0.0530273
0.194375 0.0518207
0.196688 0.0506142
0.199085 0.0494078
0.201571 0.0482015
0.204151 0.0469952
0.206832 0.0457891
0.20962 0.0445831
0.212524 0.0433771
0.21555 0.0421712
0.218709 0.0409654
0.222009 0.0397597
0.225462 0.0385541
0.229081 0.0373485
0.232879 0.036143
0.236871 0.0349376
0.241074 0.0337322
0.245508 0.0325269
0.250195 0.0313217
0.25516 0.0301165
0.260431 0.0289114
0.266042 0.0277063
0.272031 0.0265013
0.278442 0.0252964
0.285327 0.0240915
0.292748 0.0228866
0.300778 0.0216818
0.309507 0.020477
0.31904 0.0192723
0.329511 0.0180676
0.341084 0.0168629
0.353967 0.0156583
0.368427 0.0144537
0.384817 0.0132491
0.403606 0.0120446
0.425444 0.01084
0.451257 0.00963554
0.48242 0.00843106
0.521078 0.00722659
0.570817 0.00602214
0.638198 0.0048177
0.736931 0.00361327
0.902556 0.00240884
1.27641 0.00120442
0.000190325

0.000682358 1319.66
0.000940565 659.831
0.00116201 439.887
0.00133888 329.914
0.00148716 263.931
0.00164333 219.942
0.00176624 188.521
0.00188731 164.955
0.00201267 146.626
0.00212519 131.962
0.00222683 119.965
0.00232403 109.967
0.00241732 101.507
0.00250249 94.2558
0.00259386 87.9713
0.00267776 82.4723
0.00275912 77.6201
0.00284634 73.3071
0.00291503 69.448
0.00298994 65.9748
0.00307061 62.8323
0.00314551 59.9754
0.00321506 57.367
0.00327958 54.9759
0.00334981 52.776
0.0034152 50.7453
0.00347601 48.865
0.00354563 47.119
0.0036107 45.4934
0.00367144 43.9761
0.00373119 42.5567
0.00378386 41.226
0.00384792 39.9759
0.00390795 38.7993
0.0039612 37.6899
0.00402244 36.6421
0.00407419 35.6509
0.00413094 34.7119
0.00418692 33.821
0.00423667 32.9747
0.00428584 32.1696
0.00433713 31.4028
0.00439578 30.6717
0.00444581 29.9737
0.00449528 29.3068
0.00454421 28.6689
0.00459516 28.0581
0.00464304 27.4727
0.00469043 26.9112
0.00473981 26.3721
0.00478381 25.8542
0.00483223 25.3561
0.00487778 24.8769
0.00492528 24.4154
0.00496998 23.9706
0.00501196 23.5417
0.0050605 23.1279
0.00510402 22.7283
0.00514717 22.3422
0.0051922 21.969
0.00523907 21.608
0.0052767 21.2586
0.00532064 20.9204
0.00536639 20.5926
0.00540313 20.275
0.00544605 19.967
0.00548651 19.6681
0.00552667 19.378
0.00556864 19.0963
0.00560821 18.8227
0.00565163 18.5567
0.00569063 18.2982
0.00572733 18.0467
0.00576784 17.802
0.00580405 17.5638
0.00584203 17.3318
0.0058857 17.1059
0.00592513 16.8857
0.00596234 16.6711
0.00599932 16.4619
0.00603414 16.2578
0.0060726 16.0587
0.00611082 15.8644
0.0061488 15.6747
0.00618466 15.4895
0.00622032 15.3085
0.00625577 15.1317
0.00629473 14.9589
0.0063316 14.79
0.00636278 14.6248
0.00639744 14.4633
0.00643373 14.3052
0.00647161 14.1505
0.00650749 13.9992
0.00653961 13.851
0.00657334 13.7058
0.00661042 13.5637
0.00664555 13.4244
0.006677 13.288
0.00671178 13.1543
0.00674465 13.0232
0.00677908 12.8947
0.00681504 12.7686
0.00684402 12.645
0.00687795 12.5237
0.00691171 12.4047
0.00694364 12.288
0.00697875 12.1733
0.00701037 12.0608
0.00704185 11.9503
0.00707319 11.8418
0.00710766 11.7353
0.00714034 11.6306
0.00716963 11.5277
0.00720202 11.4266
0.00723428 11.3273
0.00726479 11.2296
0.00729516 11.1336
0.0073286 11.0392
0.00735871 10.9463
0.00739028 10.855
0.00742172 10.7652
0.00745146 10.6768
0.00748108 10.5899
0.00751213 10.5043
0.00754306 10.4201
0.00757232 10.3372
0.00760454 10.2556
0.00763509 10.1753
0.007664 10.0962
0.00769281 10.0182
0.00771999 9.9415
0.0077531 9.86591
0.00778456 9.79144
0.00780994 9.71806
0.00783969 9.64576
0.00787229 9.5745
0.00790033 9.50428
0.00792534 9.43506
0.00795759 9.36682
0.00798679 9.29954
0.00801443 9.2332
0.00804488 9.16779
0.00807376 9.10328
0.00809967 9.03965
0.00812693 8.97689
0.00815696 8.91498
0.00818545 8.85389
0.00821384 8.79362
0.00824213 8.73415
0.00826892 8.67547
0.00829563 8.61754
0.00832644 8.56037
0.00835435 8.50394
0.00837801 8.44823
0.00840713 8.39323
0.00843616 8.33892
0.00846233 8.28529
0.00849117 8.23234
0.00851718 8.18004
0.00854311 8.12838
0.00857167 8.07736
0.00859879 8.02696
0.00862717 7.97717
0.00865277 7.92798
0.00867829 7.87937
0.00870641 7.83134
0.00873311 7.78388
0.00875973 7.73697
0.00878626 7.69061
0.0088114 7.64479
0.00883778 7.5995
0.00886408 7.55472
0.00889031 7.51046
0.00891646 7.46669
0.00894253 7.42342
0.00896982 7.38063
0.00899574 7.33832
0.00902029 7.29647
0.00904606 7.25509
0.00907433 7.21416
0.00909995 7.17367
0.00912422 7.13362
0.0091497 7.09401
0.00917384 7.05481
0.00919918 7.01603
0.00922698 6.97767
0.00925217 6.9397
0.00927479 6.90214
0.00930111 6.86496
0.0093286 6.82817
0.00935228 6.79176
0.00937714 6.75572
0.00940194 6.72005
0.00942666 6.68474
0.00945256 6.64978
0.00947716 6.61518
0.00950292 6.58092
0.00952616 6.547
0.00955057 6.51341
0.00957613 6.48016
0.00960041 6.44723
0.00962463 6.41462
0.00964999 6.38233
0.00967409 6.35035
0.00969812 6.31867
0.0097233 6.28729
0.00974602 6.25622
0.00977226 6.22543
0.00979724 6.19494
0.00981979 6.16473
0.00984347 6.1348
0.00986709 6.10515
0.00989065 6.07577
0.00991651 6.04666
0.00993996 6.01782
0.00996336 5.98924
0.00998786 5.96091
0.01001 5.93284
0.0100355 5.90503
0.0100599 5.87746
0.0100818 5.85013
0.010106 5.82305
0.010129 5.7962
0.010152 5.76959
0.0101772 5.74321
0.0102012 5.71706
0.010224 5.69113
0.0102456 5.66543
0.0102694 5.63995
0.0102932 5.61468
0.0103158 5.58963
0.0103406 5.56479
0.0103631 5.54015
0.0103866 5.51573
0.010409 5.49151
0.0104314 5.46748
0.0104559 5.44366
0.0104781 5.42003
0.0105014 5.3966
0.0105236 5.37335
0.0105468 5.3503
0.010571 5.32743
0.0105919 5.30474
0.010615 5.28224
0.010638 5.25991
0.0106599 5.23777
0.0106839 5.2158
0.0107078 5.194
0.0107284 5.17237
0.0107501 5.15091
0.0107739 5.12962
0.0107955 5.10849
0.0108192 5.08753
0.0108418 5.06672
0.0108632 5.04608
0.0108857 5.02559
0.0109071 5.00526
0.0109305 4.98508
0.0109539 4.96506
0.0109751 4.94518
0.0109963 4.92545
0.0110175 4.90587
0.0110407 4.88644
0.0110639 4.86714
0.0110849 4.84799
0.0111069 4.82898
0.01113 4.81011
0.0111519 4.79138
0.0111738 4.77278
0.0111946 4.75431
0.0112164 4.73598
0.0112382 4.71778
0.0112599 4.69971
0.0112837 4.68176
0.0113043 4.66395
0.0113259 4.64626
0.0113485 4.62869
0.011369 4.61124
0.0113915 4.59392
0.0114139 4.57672
0.0114353 4.55964
0.0114557 4.54267
0.011476 4.52582
0.0114993 4.50909
0.0115205 4.49247
0.0115407 4.47596
0.0115639 4.45956
0.011587 4.44328
0.0116071 4.4271
0.0116271 4.41103
0.0116481 4.39507
0.0116691 4.37922
0.011691 4.36346
0.0117129 4.34782
0.0117348 4.33227
0.0117566 4.31683
0.0117764 4.30149
0.0117971 4.28625
0.0118198 4.27111
0.0118404 4.25606
0.0118611 4.24111
0.0118816 4.22626
0.0119032 4.2115
0.0119247 4.19684
0.0119452 4.18227
0.0119666 4.16779
0.011986 4.1534
0.0120074 4.1391
0.0120306 4.1249
0.0120499 4.11078
0.0120702 4.09675
0.0120924 4.0828
0.0121135 4.06894
0.0121327 4.05517
0.0121529 4.04148
0.0121768 4.02787
0.0121968 4.01435
0.012215 4.00091
0.0122369 3.98755
0.0122587 3.97427
0.0122786 3.96107
0.0122985 3.94795
0.0123193 3.93491
0.012342 3.92194
0.0123618 3.90906
0.0123815 3.89624
0.0124032 3.88351
0.0124219 3.87085
0.0124425 3.85826
0.0124649 3.84575
0.0124855 3.8333
0.012505 3.82093
0.0125255 3.80864
0.0125459 3.79641
0.0125654 3.78425
0.0125867 3.77217
0.0126079 3.76015
0.0126273 3.7482
0.0126476 3.73631
0.0126678 3.7245
0.012688 3.71275
0.0127082 3.70107
0.0127283 3.68945
0.0127493 3.6779
0.0127694 3.66641
0.0127894 3.65498
0.0128103 3.64362
0.0128303 3.63232
0.0128494 3.62108
0.0128702 3.60991
0.0128919 3.59879
0.0129108 3.58774
0.0129306 3.57675
0.0129504 3.56581
0.0129702 3.55493
0.0129908 3.54412
0.0130105 3.53336
0.0130311 3.52266
0.0130516 3.51201
0.0130712 3.50142
0.0130908 3.49089
0.0131112 3.48041
0.0131307 3.46999
0.0131511 3.45962
0.0131706 3.44931
0.0131891 3.43905
0.0132103 3.42884
0.0132314 3.41869
0.0132507 3.40859
0.0132701 3.39854
0.0132911 3.38855
0.0133103 3.3786
0.0133296 3.36871
0.0133488 3.35886
0.0133679 3.34907
0.0133897 3.33932
0.0134097 3.32963
0.0134288 3.31998
0.0134487 3.31038
0.0134668 3.30083
0.0134876 3.29133
0.0135083 3.28187
0.0135272 3.27246
0.0135461 3.2631
0.0135659 3.25378
0.0135873 3.24451
0.0136061 3.23529
0.0136241 3.22611
0.0136446 3.21698
0.0136651 3.20789
0.0136846 3.19884
0.0137042 3.18984
0.0137229 3.18088
0.0137432 3.17196
0.0137627 3.16309
0.0137813 3.15426
0.0138015 3.14547
0.0138209 3.13672
0.0138411 3.12802
0.0138604 3.11935
0.0138781 3.11073
0.013899 3.10215
0.0139191 3.0936
0.0139375 3.0851
0.0139567 3.07664
0.0139767 3.06822
0.0139958 3.05983
0.0140149 3.05149
0.0140357 3.04318
0.0140547 3.03491
0.0140738 3.02668
0.014092 3.01849
0.0141126 3.01033
0.0141324 3.00221
0.0141497 2.99413
0.0141702 2.98608
0.0141899 2.97807
0.0142088 2.9701
0.0142284 2.96216
0.0142472 2.95426
0.014266 2.9464
0.0142864 2.93856
0.0143051 2.93077
0.0143238 2.92301
0.0143449 2.91528
0.0143628 2.90759
0.0143814 2.89993
0.0144016 2.8923
0.0144194 2.88471
0.0144404 2.87715
0.0144597 2.86962
0.0144774 2.86213
0.0144967 2.85466
0.0145167 2.84724
0.0145368 2.83984
0.0145536 2.83247
0.0145728 2.82514
0.0145935 2.81784
0.0146127 2.81056
0.014631 2.80332
0.01465 2.79611
0.0146699 2.78893
0.0146889 2.78178
0.0147071 2.77467
0.0147261 2.76758
0.0147451 2.76052
0.014764 2.75349
0.0147845 2.74648
0.0148026 2.73951
0.0148215 2.73257
0.0148411 2.72566
0.0148591 2.71877
0.0148787 2.71191
0.0148982 2.70508
0.014917 2.69828
0.0149357 2.69151
0.0149536 2.68476
0.0149738 2.67804
0.0149932 2.67135
0.0150111 2.66469
0.0150312 2.65805
0.0150498 2.65144
0.0150676 2.64486
0.0150877 2.6383
0.0151069 2.63177
0.0151247 2.62526
0.0151431 2.61878
0.0151631 2.61233
0.0151823 2.6059
0.0152007 2.59949
0.0152206 2.59312
0.0152389 2.58676
0.0152565 2.58043
0.0152763 2.57413
0.0152953 2.56785
0.0153136 2.5616
0.0153326 2.55537
0.0153515 2.54916
0.0153712 2.54298
0.0153902 2.53682
0.0154083 2.53068
0.0154264 2.52457
0.015446 2.51848
0.0154648 2.51242
0.0154829 2.50638
0.0155024 2.50036
0.0155212 2.49436
0.0155399 2.48839
0.0155586 2.48243
0.0155773 2.47651
0.015596 2.4706
0.0156147 2.46471
0.015634 2.45885
0.0156519 2.45301
0.0156705 2.44719
0.0156905 2.44139
0.015709 2.43562
0.0157276 2.42986
0.0157461 2.42413
0.0157645 2.41842
0.0157837 2.41272
0.0158021 2.40705
0.0158213 2.4014
0.0158397 2.39577
0.0158573 2.39016
0.0158778 2.38457
0.0158969 2.379
0.0159137 2.37346
0.0159327 2.36793
0.0159517 2.36242
0.0159714 2.35693
0.0159903 2.35146
0.0160078 2.34601
0.016026 2.34058
0.0160448 2.33516
0.0160637 2.32977
0.0160825 2.3244
0.0161013 2.31904
0.0161208 2.31371
0.0161382 2.30839
0.0161569 2.30309
0.0161771 2.29781
0.0161936 2.29255
0.0162123 2.2873
0.0162316 2.28208
0.0162503 2.27687
0.0162696 2.27168
0.0162882 2.26651
0.0163053 2.26135
0.0163239 2.25622
0.0163439 2.2511
0.0163624 2.246
0.0163801 2.24091
0.0163993 2.23584
0.0164178 2.23079
0.0164362 2.22576
0.0164546 2.22075
0.0164737 2.21575
0.0164927 2.21076
0.0165097 2.2058
0.0165287 2.20085
0.0165484 2.19592
0.0165667 2.191
0.0165849 2.1861
0.0166032 2.18122
0.0166221 2.17635
0.0166403 2.1715
0.0166585 2.16666
0.0166787 2.16184
0.0166969 2.15704
0.0167136 2.15225
0.0167331 2.14748
0.0167518 2.14272
0.0167699 2.13798
0.0167893 2.13325
0.0168073 2.12854
0.016826 2.12385
0.0168447 2.11917
0.0168627 2.1145
0.016882 2.10985
0.0168999 2.10521
0.0169185 2.10059
0.016937 2.09598
0.0169549 2.09139
0.0169741 2.08681
0.0169933 2.08225
0.0170111 2.0777
0.0170289 2.07317
0.0170487 2.06865
0.0170664 2.06414
0.0170848 2.05965
0.0171046 2.05517
0.0171223 2.05071
0.0171393 2.04626
0.017159 2.04182
0.0171779 2.0374
0.0171962 2.03299
0.0172145 2.02859
0.0172321 2.02421
0.0172516 2.01984
0.0172698 2.01549
0.017288 2.01115
0.0173076 2.00682
0.017325 2.0025
0.0173438 1.9982
0.0173626 1.99391
0.0173807 1.98963
0.0174001 1.98537
0.0174175 1.98112
0.0174378 1.97688
0.0174752 1.97266
0.0175126 1.96844
0.0175493 1.96424
0.0175874 1.96006
0.0176256 1.95588
0.0176611 1.95172
0.0176986 1.94757
0.0177368 1.94343
0.0177744 1.9393
0.017812 1.93519
0.0178489 1.93109
0.0178872 1.927
0.0179255 1.92292
0.0179626 1.91885
0.0179996 1.9148
0.018038 1.91075
0.0180758 1.90672
0.0181136 1.9027
0.0181507 1.8987
0.0181886 1.8947
0.0182278 1.89071
0.0182657 1.88674
0.0183036 1.88278
0.0183422 1.87883
0.0183802 1.87489
0.0184182 1.87096
0.0184569 1.86704
0.0184943 1.86314
0.0185323 1.85924
0.0185718 1.85536
0.0186099 1.85148
0.0186487 1.84762
0.0186876 1.84377
0.0187251 1.83993
0.0187647 1.8361
0.018803 1.83228
0.0188406 1.82847
0.0188809 1.82467
0.0189193 1.82088
0.0189576 1.8171
0.0189974 1.81334
0.0190358 1.80958
0.0190743 1.80583
0.0191141 1.8021
0.0191539 1.79837
0.0191925 1.79465
0.0192317 1.79095
0.019271 1.78725
0.0193089 1.78357
0.0193489 1.77989
0.0193896 1.77623
0.0194283 1.77257
0.0194677 1.76892
0.0195065 1.76529
0.0195459 1.76166
0.0195861 1.75804
0.0196263 1.75443
0.0196659 1.75084
0.0197048 1.74725
0.0197457 1.74367
0.019786 1.7401
0.019825 1.73654
0.0198647 1.73299
0.0199051 1.72945
0.0199449 1.72592
0.0199847 1.72239
0.0200258 1.71888
0.0200657 1.71537
0.0201056 1.71188
0.0201461 1.70839
0.0201861 1.70491
0.0202267 1.70145
0.0202674 1.69799
0.0203074 1.69454
0.0203481 1.69109
0.0203889 1.68766
0.0204297 1.68424
0.0204705 1.68082
0.0205107 1.67741
0.0205523 1.67402
0.0205925 1.67063
0.0206328 1.66725
0.0206745 1.66387
0.0207155 1.66051
0.0207572 1.65715
0.0207976 1.65381
0.020838 1.65047
0.0208805 1.64714
0.0209217 1.64382
0.0209622 1.6405
0.0210042 1.6372
0.0210454 1.6339
0.0210861 1.63061
0.0211281 1.62733
0.0211701 1.62406
0.0212122 1.62079
0.021253 1.61753
0.0212944 1.61428
0.0213373 1.61104
0.0213788 1.60781
0.0214204 1.60458
0.021462 1.60137
0.0215043 1.59816
0.021546 1.59496
0.0215884 1.59176
0.0216308 1.58858
0.0216733 1.5854
0.0217157 1.58223
0.0217569 1.57906
0.0217995 1.57591
0.0218427 1.57276
0.0218854 1.56962
0.0219267 1.56648
0.0219694 1.56336
0.0220128 1.56024
0.0220555 1.55713
0.0220984 1.55402
0.0221405 1.55093
0.0221841 1.54784
0.022227 1.54475
0.0222693 1.54168
0.0223122 1.53861
0.0223559 1.53555
0.022399 1.5325
0.0224421 1.52945
0.0224859 1.52641
0.0225284 1.52338
0.0225716 1.52035
0.0226155 1.51733
0.0226588 1.51432
0.0227021 1.51132
0.0227468 1.50832
0.0227895 1.50533
0.022833 1.50235
0.0228778 1.49937
0.0229213 1.4964
0.0229648 1.49343
0.0230091 1.49048
0.0230534 1.48753
0.0230964 1.48458
0.0231407 1.48165
0.0231858 1.47872
0.0232296 1.47579
0.0232741 1.47287
0.0233186 1.46996
0.0233625 1.46706
0.0234071 1.46416
0.0234518 1.46127
0.0234958 1.45838
0.0235406 1.45551
0.023586 1.45263
0.0236301 1.44977
0.023675 1.44691
0.0237199 1.44405
0.0237648 1.44121
0.0238105 1.43836
0.0238555 1.43553
0.0239005 1.4327
0.023945 1.42988
0.0239908 1.42706
0.024036 1.42425
0.0240812 1.42145
0.0241278 1.41865
0.0241725 1.41586
0.0242171 1.41307
0.0242632 1.41029
0.0243093 1.40751
0.0243555 1.40475
0.0244017 1.40198
0.0244466 1.39923
0.0244928 1.39647
0.0245385 1.39373
0.0245842 1.39099
0.0246313 1.38826
0.0246771 1.38553
0.0247236 1.38281
0.0247701 1.38009
0.0248161 1.37738
0.024862 1.37467
0.024908 1.37197
0.0249554 1.36928
0.0250029 1.36659
0.025049 1.36391
0.0250959 1.36123
0.0251421 1.35856
0.0251898 1.35589
0.0252368 1.35323
0.0252825 1.35058
0.0253309 1.34793
0.0253781 1.34528
0.0254246 1.34265
0.0254725 1.34001
0.0255198 1.33738
0.0255671 1.33476
0.0256145 1.33214
0.0256619 1.32953
0.0257094 1.32692
0.0257569 1.32432
0.0258058 1.32172
0.0258528 1.31913
0.0258997 1.31655
0.0259495 1.31397
0.0259973 1.31139
0.0260451 1.30882
0.0260929 1.30625
0.0261408 1.30369
0.0261895 1.30114
0.0262382 1.29858
0.0262862 1.29604
0.0263343 1.2935
0.0263838 1.29096
0.0264327 1.28843
0.026481 1.28591
0.0265293 1.28339
0.026579 1.28087
0.0266274 1.27836
0.0266759 1.27585
0.0267258 1.27335
0.026775 1.27085
0.0268243 1.26836
0.026873 1.26588
0.0269217 1.26339
0.0269719 1.26092
0.0270214 1.25844
0.0270709 1.25597
0.0271206 1.25351
0.0271696 1.25105
0.0272206 1.2486
0.0272704 1.24615
0.0273196 1.2437
0.0273695 1.24126
0.0274201 1.23883
0.0274701 1.2364
0.0275201 1.23397
0.0275709 1.23155
0.0276211 1.22913
0.0276719 1.22672
0.0277215 1.22431
0.0277719 1.22191
0.0278236 1.21951
0.0278734 1.21711
0.0279239 1.21472
0.0279758 1.21234
0.0280257 1.20995
0.0280771 1.20758
0.0281291 1.2052
0.0281799 1.20283
0.0282308 1.20047
0.0282823 1.19811
0.028334 1.19575
0.0283857 1.1934
0.0284367 1.19105
0.0284886 1.18871
0.0285404 1.18637
0.028591 1.18404
0.0286437 1.18171
0.0286957 1.17938
0.0287472 1.17706
0.0288007 1.17474
0.0288522 1.17243
0.0289032 1.17012
0.0289562 1.16781
0.0290093 1.16551
0.0290618 1.16321
0.0291143 1.16092
0.0291669 1.15863
0.0292189 1.15634
0.0292723 1.15406
0.0293258 1.15178
0.029378 1.14951
0.0294309 1.14724
0.0294845 1.14497
0.0295376 1.14271
0.0295914 1.14045
0.0296445 1.1382
0.0296964 1.13595
0.0297511 1.1337
0.0298051 1.13146
0.0298579 1.12922
0.029912 1.12699
0.0299663 1.12476
0.0300199 1.12253
0.0300743 1.12031
0.0301281 1.11809
0.0301826 1.11587
0.0302371 1.11366
0.0302911 1.11145
0.0303451 1.10925
0.0303999 1.10705
0.0304548 1.10485
0.0305097 1.10265
0.0305647 1.10046
0.0306177 1.09828
0.0306742 1.0961
0.0307294 1.09392
0.0307833 1.09174
0.0308393 1.08957
0.030894 1.0874
0.0309502 1.08524
0.0310064 1.08308
0.0310606 1.08092
0.0311163 1.07877
0.0311721 1.07661
0.0312286 1.07447
0.0312845 1.07232
0.0313398 1.07018
0.0313958 1.06805
0.031452 1.06591
0.0315089 1.06379
0.0315644 1.06166
0.0316215 1.05954
0.0316779 1.05742
0.0317351 1.0553
0.0317916 1.05319
0.0318476 1.05108
0.031905 1.04897
0.0319611 1.04687
0.0320187 1.04477
0.0320763 1.04268
0.0321333 1.04058
0.0321904 1.03849
0.0322476 1.03641
0.0323056 1.03433
0.0323643 1.03225
0.032421 1.03017
0.0324778 1.0281
0.0325375 1.02603
0.0325951 1.02396
0.0326522 1.0219
0.0327107 1.01984
0.0327685 1.01778
0.0328279 1.01573
0.0328866 1.01368
0.0329441 1.01163
0.033003 1.00959
0.033062 1.00754
0.0331211 1.00551
0.0331802 1.00347
0.0332381 1.00144
0.0332974 0.99941
0.0333575 0.997385
0.0334163 0.995362
0.0334758 0.993343
0.0335355 0.991326
0.0335953 0.989312
0.0336551 0.987302
0.033715 0.985294
0.0337743 0.98329
0.0338337 0.981288
0.0338946 0.97929
0.0339555 0.977294
0.0340159 0.975302
0.0340749 0.973312
0.0341354 0.971325
0.0341968 0.969342
0.0342575 0.967361
0.0343183 0.965383
0.0343791 0.963408
0.0344401 0.961435
0.0345005 0.959466
0.0345623 0.957499
0.0346243 0.955536
0.0346849 0.953575
0.034747 0.951617
0.0348093 0.949662
0.0348695 0.94771
0.0349312 0.94576
0.0349944 0.943813
0.0350563 0.941869
0.0351183 0.939928
0.0351804 0.93799
0.0352432 0.936054
0.0353055 0.934121
0.0353679 0.932191
0.0354304 0.930263
0.0354936 0.928339
0.035557 0.926417
0.0356191 0.924497
0.0356826 0.922581
0.0357456 0.920667
0.0358086 0.918755
0.0358732 0.916847
0.0359364 0.914941
0.0359991 0.913037
0.0360633 0.911137
0.0361275 0.909238
0.0361919 0.907343
0.0362556 0.90545
0.0363202 0.90356
0.0363842 0.901672
0.0364483 0.899787
0.0365131 0.897904
0.0365774 0.896024
0.0366425 0.894147
0.0367084 0.892272
0.036773 0.8904
0.036837 0.88853
0.0369025 0.886662
0.0369688 0.884798
0.0370345 0.882935
0.0370997 0.881076
0.0371649 0.879218
0.037231 0.877363
0.0372971 0.875511
0.0373634 0.873661
0.0374298 0.871813
0.0374956 0.869968
0.0375622 0.868126
0.0376282 0.866285
0.037695 0.864448
0.0377627 0.862612
0.037829 0.860779
0.0378962 0.858949
0.0379628 0.85712
0.0380302 0.855295
0.0380984 0.853471
0.0381653 0.85165
0.038233 0.849831
0.0383009 0.848015
0.0383682 0.846201
0.0384363 0.844389
0.0385052 0.842579
0.0385736 0.840772
0.0386413 0.838967
0.0387099 0.837165
0.0387786 0.835364
0.0388467 0.833566
0.0389163 0.831771
0.0389854 0.829977
0.0390539 0.828186
0.0391239 0.826397
0.0391933 0.82461
0.0392622 0.822826
0.0393319 0.821044
0.0394024 0.819264
0.0394723 0.817486
0.0395417 0.81571
0.0396126 0.813937
0.0396829 0.812165
0.0397534 0.810396
0.0398239 0.808629
0.0398939 0.806865
0.0399648 0.805102
0.0400365 0.803342
0.0401076 0.801583
0.0401781 0.799827
0.0402494 0.798073
0.0403217 0.796321
0.0403933 0.794571
0.0404651 0.792824
0.040537 0.791078
0.040609 0.789334
0.0406812 0.787593
0.0407535 0.785854
0.040826 0.784116
0.0408986 0.782381
0.040972 0.780648
0.0410442 0.778917
0.0411172 0.777188
0.0411918 0.775461
0.0412643 0.773736
0.0413371 0.772013
0.0414114 0.770292
0.0414844 0.768573
0.0415582 0.766856
0.041633 0.765141
0.0417079 0.763428
0.0417822 0.761717
0.0418552 0.760008
0.0419305 0.758301
0.042006 0.756596
0.0420801 0.754893
0.0421559 0.753192
0.0422311 0.751492
0.0423058 0.749795
0.042382 0.7481
0.0424577 0.746406
0.0425335 0.744714
0.0426094 0.743025
0.0426856 0.741337
0.0427618 0.739651
0.0428383 0.737967
0.0429156 0.736285
0.0429924 0.734605
0.0430685 0.732927
0.0431456 0.73125
0.0432236 0.729576
0.0433002 0.727903
0.0433778 0.726232
0.043457 0.724563
0.0435341 0.722896
0.0436115 0.72123
0.0436904 0.719567
0.0437688 0.717905
0.0438473 0.716245
0.0439253 0.714587
0.0440049 0.71293
0.044084 0.711276
0.0441632 0.709623
0.0442434 0.707972
0.0443215 0.706322
0.0444012 0.704675
0.0444811 0.703029
0.0445612 0.701385
0.0446415 0.699743
0.0447227 0.698103
0.0448033 0.696464
0.0448841 0.694827
0.0449651 0.693191
0.0450448 0.691558
0.0451261 0.689926
0.0452084 0.688296
0.0452908 0.686667
0.045372 0.68504
0.0454533 0.683415
0.0455363 0.681792
0.0456188 0.68017
0.0456999 0.67855
0.0457835 0.676932
0.0458665 0.675315
0.045949 0.6737
0.0460324 0.672086
0.046116 0.670475
0.046199 0.668864
0.0462838 0.667256
0.0463679 0.665649
0.0464508 0.664044
0.0465361 0.66244
0.0466209 0.660838
0.0467051 0.659237
0.0467903 0.657639
0.0468749 0.656041
0.0469605 0.654446
0.0470463 0.652852
0.0471315 0.651259
0.0472185 0.649668
0.0473041 0.648079
0.0473893 0.646491
0.0474761 0.644905
0.0475639 0.64332
0.0476504 0.641737
0.0477371 0.640155
0.047824 0.638575
0.0479119 0.636996
0.048 0.635419
0.0480875 0.633844
0.0481761 0.63227
0.0482641 0.630697
0.0483531 0.629126
0.0484415 0.627557
0.0485302 0.625989
0.0486191 0.624422
0.0487082 0.622857
0.0487983 0.621293
0.0488879 0.619731
0.0489785 0.618171
0.0490685 0.616611
0.0491588 0.615054
0.0492493 0.613497
0.0493401 0.611943
0.0494318 0.610389
0.0495222 0.608837
0.0496137 0.607287
0.0497062 0.605738
0.0497981 0.60419
0.0498903 0.602644
0.0499827 0.601099
0.0500754 0.599555
0.0501675 0.598013
0.0502614 0.596473
0.0503556 0.594934
0.0504478 0.593396
0.0505417 0.591859
0.0506374 0.590324
0.0507303 0.58879
0.0508242 0.587258
0.0509199 0.585727
0.0510143 0.584197
0.0511098 0.582669
0.0512055 0.581142
0.0513015 0.579617
0.0513974 0.578092
0.0514935 0.576569
0.0515903 0.575048
0.0516862 0.573528
0.0517832 0.572009
0.0518804 0.570491
0.0519787 0.568975
0.0520772 0.56746
0.0521741 0.565946
0.0522717 0.564434
0.0523703 0.562923
0.05247 0.561413
0.0525692 0.559904
0.0526679 0.558397
0.0527672 0.556891
0.0528677 0.555386
0.0529676 0.553883
0.0530679 0.552381
0.0531688 0.55088
0.0532693 0.54938
0.0533704 0.547882
0.0534715 0.546384
0.053574 0.544888
0.053676 0.543394
0.053778 0.5419
0.0538811 0.540408
0.0539832 0.538917
0.0540865 0.537427
0.0541905 0.535939
0.0542933 0.534451
0.0543975 0.532965
0.0545028 0.53148
0.0546069 0.529996
0.0547113 0.528514
0.0548165 0.527032
0.0549231 0.525552
0.0550285 0.524073
0.0551338 0.522595
0.0552411 0.521118
0.0553471 0.519643
0.0554538 0.518168
0.0555617 0.516695
0.0556699 0.515223
0.0557772 0.513752
0.0558849 0.512282
0.0559946 0.510814
0.056103 0.509346
0.0562122 0.50788
0.0563221 0.506415
0.0564316 0.504951
0.0565414 0.503488
0.0566516 0.502026
0.0567637 0.500565
0.0568751 0.499105
0.056986 0.497647
0.0570976 0.496189
0.0572097 0.494733
0.0573225 0.493278
0.0574349 0.491823
0.0575489 0.49037
0.0576625 0.488918
0.0577756 0.487467
0.0578908 0.486017
0.0580059 0.484569
0.0581202 0.483121
0.0582353 0.481674
0.0583517 0.480229
0.0584676 0.478784
0.0585835 0.477341
0.0587003 0.475898
0.0588178 0.474457
0.0589358 0.473016
0.0590538 0.471577
0.0591718 0.470139
0.0592902 0.468701
0.0594099 0.467265
0.0595296 0.46583
0.0596488 0.464395
0.0597694 0.462962
0.0598904 0.46153
0.060011 0.460099
0.0601328 0.458668
0.0602547 0.457239
0.0603771 0.455811
0.0604995 0.454383
0.0606228 0.452957
0.0607465 0.451532
0.0608702 0.450108
0.0609949 0.448684
0.0611188 0.447262
0.0612444 0.44584
0.0613704 0.44442
0.0614962 0.443
0.0616232 0.441582
0.0617499 0.440164
0.0618771 0.438747
0.0620051 0.437332
0.0621337 0.435917
0.0622624 0.434503
0.062392 0.43309
0.0625221 0.431678
0.0626514 0.430267
0.0627822 0.428857
0.0629134 0.427447
0.0630447 0.426039
0.063177 0.424632
0.0633094 0.423225
0.0634419 0.42182
0.0635762 0.420415
0.0637102 0.419011
0.0638443 0.417608
0.0639795 0.416206
0.0641151 0.414805
0.0642514 0.413405
0.0643873 0.412005
0.0645247 0.410607
0.0646626 0.409209
0.0648007 0.407812
0.0649393 0.406416
0.0650782 0.405021
0.0652176 0.403627
0.065358 0.402234
0.0654991 0.400841
0.0656399 0.399449
0.0657821 0.398059
0.0659255 0.396669
0.0660676 0.395279
0.0662113 0.393891
0.0663557 0.392504
0.0664997 0.391117
0.0666458 0.389731
0.066792 0.388346
0.0669381 0.386962
0.0670852 0.385578
0.0672334 0.384196
0.067381 0.382814
0.0675301 0.381433
0.0676799 0.380053
0.06783 0.378673
0.0679812 0.377295
0.0681321 0.375917
0.0682843 0.37454
0.0684371 0.373164
0.0685907 0.371788
0.0687445 0.370414
0.0688995 0.36904
0.0690548 0.367666
0.0692108 0.366294
0.0693676 0.364922
0.0695247 0.363552
0.069683 0.362181
0.069842 0.360812
0.0700019 0.359443
0.0701616 0.358076
0.0703225 0.356708
0.0704847 0.355342
0.0706468 0.353976
0.0708101 0.352612
0.0709743 0.351247
0.0711383 0.349884
0.0713041 0.348521
0.0714708 0.347159
0.0716373 0.345798
0.0718048 0.344437
0.071974 0.343077
0.0721431 0.341718
0.0723127 0.34036
0.072484 0.339002
0.0726563 0.337645
0.0728285 0.336288
0.0730012 0.334933
0.0731762 0.333578
0.0733516 0.332223
0.0735271 0.33087
0.0737035 0.329517
0.0738822 0.328164
0.0740615 0.326813
0.0742403 0.325462
0.0744205 0.324112
0.0746023 0.322762
0.074784 0.321413
0.0749668 0.320065
0.0751525 0.318717
0.0753374 0.31737
0.0755223 0.316024
0.0757092 0.314678
0.0758981 0.313333
0.0760877 0.311989
0.0762768 0.310645
0.0764681 0.309302
0.0766604 0.307959
0.0768534 0.306617
0.0770475 0.305276
0.0772427 0.303935
0.0774386 0.302595
0.0776357 0.301256
0.0778349 0.299917
0.0780343 0.298579
0.0782344 0.297241
0.0784368 0.295904
0.0786398 0.294568
0.0788436 0.293232
0.0790492 0.291897
0.0792555 0.290562
0.0794626 0.289228
0.0796715 0.287895
0.0798817 0.286562
0.0800938 0.28523
0.0803062 0.283898
0.0805189 0.282567
0.080734 0.281236
0.0809514 0.279906
0.0811693 0.278577
0.0813876 0.277248
0.0816078 0.27592
0.08183 0.274592
0.0820526 0.273265
0.0822766 0.271938
0.0825032 0.270612
0.0827309 0.269286
0.082959 0.267961
0.0831892 0.266637
0.0834209 0.265313
0.0836542 0.26399
0.0838887 0.262667
0.0841242 0.261344
0.0843624 0.260022
0.0846018 0.258701
0.0848425 0.25738
0.0850858 0.25606
0.0853298 0.25474
0.0855744 0.253421
0.0858224 0.252102
0.0860719 0.250784
0.0863219 0.249466
0.0865749 0.248149
0.0868294 0.246832
0.087085 0.245516
0.0873436 0.2442
0.087603 0.242885
0.0878647 0.24157
0.0881286 0.240256
0.0883932 0.238942
0.0886606 0.237629
0.0889298 0.236316
0.0892011 0.235003
0.0894748 0.233691
0.0897496 0.23238
0.0900271 0.231069
0.090307 0.229758
0.0905884 0.228448
0.0908721 0.227138
0.091158 0.225829
0.0914458 0.22452
0.0917367 0.223212
0.0920298 0.221904
0.0923244 0.220597
0.0926215 0.21929
0.0929214 0.217983
0.0932238 0.216677
0.0935283 0.215371
0.0938353 0.214066
0.0941451 0.212761
0.0944575 0.211457
0.094772 0.210153
0.0950897 0.208849
0.0954104 0.207546
0.0957331 0.206243
0.0960587 0.204941
0.0963873 0.203639
0.0967186 0.202337
0.0970529 0.201036
0.0973906 0.199735
0.0977312 0.198435
0.0980746 0.197135
0.098421 0.195836
0.0987704 0.194536
0.0991231 0.193237
0.0994792 0.191939
0.0998391 0.190641
0.100202 0.189343
0.100568 0.188046
0.100938 0.186749
0.101312 0.185452
0.101688 0.184156
0.102069 0.18286
0.102454 0.181565
0.102842 0.18027
0.103234 0.178975
0.10363 0.17768
0.10403 0.176386
0.104434 0.175093
0.104843 0.173799
0.105256 0.172506
0.105673 0.171213
0.106094 0.169921
0.10652 0.168629
0.106951 0.167337
0.107387 0.166046
0.107826 0.164755
0.108271 0.163464
0.108721 0.162174
0.109176 0.160883
0.109636 0.159594
0.110101 0.158304
0.110572 0.157015
0.111049 0.155726
0.11153 0.154438
0.112018 0.153149
0.112511 0.151861
0.113011 0.150574
0.113516 0.149286
0.114028 0.147999
0.114546 0.146712
0.11507 0.145426
0.115602 0.14414
0.116139 0.142854
0.116684 0.141568
0.117237 0.140283
0.117796 0.138998
0.118363 0.137713
0.118937 0.136428
0.11952 0.135144
0.120109 0.13386
0.120708 0.132576
0.121315 0.131292
0.12193 0.130009
0.122554 0.128726
0.123187 0.127443
0.12383 0.126161
0.124482 0.124879
0.125144 0.123597
0.125815 0.122315
0.126497 0.121033
0.127189 0.119752
0.127892 0.118471
0.128607 0.11719
0.129332 0.115909
0.13007 0.114629
0.130819 0.113349
0.131581 0.112069
0.132355 0.110789
0.133143 0.109509
0.133944 0.10823
0.134759 0.106951
0.135589 0.105672
0.136433 0.104393
0.137292 0.103115
0.138167 0.101837
0.139059 0.100558
0.139967 0.0992806
0.140892 0.0980028
0.141835 0.0967253
0.142797 0.095448
0.143777 0.0941708
0.144778 0.0928939
0.145798 0.0916171
0.14684 0.0903405
0.147904 0.089064
0.14899 0.0877877
0.1501 0.0865116
0.151234 0.0852357
0.152393 0.08396
0.153579 0.0826843
0.154792 0.0814089
0.156033 0.0801336
0.157304 0.0788585
0.158605 0.0775835
0.159939 0.0763087
0.161305 0.075034
0.162707 0.0737595
0.164145 0.0724851
0.165621 0.0712108
0.167136 0.0699367
0.168693 0.0686627
0.170293 0.0673889
0.171939 0.0661151
0.173632 0.0648416
0.175375 0.0635681
0.177171 0.0622948
0.179023 0.0610215
0.180933 0.0597484
0.182904 0.0584754
0.18494 0.0572026
0.187045 0.0559298
0.189222 0.0546571
0.191475 0.0533846
0.193811 0.0521121
0.196233 0.0508398
0.198746 0.0495675
0.201358 0.0482954
0.204075 0.0470233
0.206903 0.0457513
0.209851 0.0444795
0.212928 0.0432077
0.216143 0.0419359
0.219507 0.0406643
0.223032 0.0393927
0.226731 0.0381213
0.230619 0.0368499
0.234713 0.0355785
0.239032 0.0343073
0.243597 0.0330361
0.248432 0.0317649
0.253566 0.0304938
0.25903 0.0292228
0.264862 0.0279519
0.271106 0.026681
0.277811 0.0254101
0.285038 0.0241393
0.292858 0.0228685
0.301358 0.0215978
0.310642 0.0203271
0.320838 0.0190565
0.332108 0.0177859
0.344653 0.0165153
0.358734 0.0152448
0.374693 0.0139743
0.392989 0.0127038
0.414254 0.0114334
0.439389 0.0101629
0.469733 0.00889253
0.507375 0.00762214
0.555807 0.00635176
0.621416 0.00508139
0.717554 0.00381104
0.878825 0.00254069
1.24285 0.00127034
0.999877

